赛百味(烈士陵园店),C82284ABDD4FB1C07ADFD5D70C640167,天尼斯酒房,0.00,0.00,3,2
赛百味(烈士陵园店),95ED68D6A9460EA7,广州起义烈士陵园,7.00,4.00,444,359
赛百味(烈士陵园店),94C324233A9A21D2,闪电(中华广场店),0.00,0.00,0,0
赛百味(烈士陵园店),03BEFCC9B2766476,Nike(中华广场店),0.00,0.00,6,5
赛百味(烈士陵园店),E2A0BD2B5207E8DF,潮流天地,0.00,0.00,1,1
赛百味(烈士陵园店),569DFD76E6933B02,豪柏钻石(中华广场店),0.00,0.00,0,0
赛百味(烈士陵园店),FC8BFDB367D1AC8D,苏豪(中华广场店),0.00,0.00,11,8
赛百味(烈士陵园店),E5B1BD034726B65C,索尼爱立信维修中心(中华店),0.00,0.00,4,3
赛百味(烈士陵园店),DD9ACADB31D96A33,必瘦站(中华广场店),0.00,0.00,1,1
赛百味(烈士陵园店),A3092DD5AD221C3B,诺基亚专卖店客户服务部(中华广场店),0.00,0.00,5,4
赛百味(烈士陵园店),0B5CD7298B6446AD,大椰丰饭(中山三路店),0.00,0.00,193,151
赛百味(烈士陵园店),FBB6B5397D935A40,Mango(中华广场店),0.00,0.00,13,13
赛百味(烈士陵园店),EC8B0B6AC22571EC,水果捞(中华广场店),0.67,0.67,106,91
赛百味(烈士陵园店),73CCEEAF91C90886,时尚芭莎(中华广场店),0.00,0.00,0,0
赛百味(烈士陵园店),EFD1EDA120FB7D71,曲美家具(中华广场店),0.00,0.00,0,0
赛百味(烈士陵园店),6C589C6A1ED72773,芝柏婚纱影楼(中华广场店),0.00,0.00,0,0
赛百味(烈士陵园店),E3A731FDBF4C6B39,麦香饼家(东昌大街店),0.00,0.00,0,0
赛百味(烈士陵园店),17E87C2F39D88D63,Idylla时尚水晶饰品,0.00,0.00,0,0
赛百味(烈士陵园店),D3876AEF5DCB7F,较场西路,0.00,0.00,1,1
赛百味(烈士陵园店),0EDBB9CF14DBC5,寿司王(中华广场店),0.00,0.00,3,3
赛百味(烈士陵园店),5901A02E70749A,寿司星,0.00,0.00,2,1
赛百味(烈士陵园店),8922BEC04C9198D3E8073A8709240920,阿里巴巴广州总部,0.00,0.00,13,4
赛百味(烈士陵园店),01E8B209377C6B2E,香港QQ蛋仔(中华广场店),0.00,0.00,1,1
赛百味(烈士陵园店),ADC808635BD52A3F,麦香饼家(中山三路店),0.00,0.00,8,4
赛百味(烈士陵园店),78B4EDF0642285,SonyXperia手机店,0.00,0.00,1,1
赛百味(烈士陵园店),5653718818BACB,大和寿司,0.00,0.00,7,5
赛百味(烈士陵园店),78BA2F65AD82F5FB290347B26AB965FF,Converse(流行前线鞋店),0.00,0.00,1,1
赛百味(烈士陵园店),9D43FEAB50960BA7F2E850DDE79D4A39,6ixty 8ight (流前店),0.00,0.00,4,2
赛百味(烈士陵园店),EBA6E394C36BE8B0,原纪香卤味世家,0.00,0.00,0,0
赛百味(烈士陵园店),2CE058AC4F931F06,蒙布朗蛋糕(中山三路店),0.00,0.00,1,1
赛百味(烈士陵园店),3C16D13811E09698,80后梦想店,0.00,0.00,0,0
赛百味(烈士陵园店),EC5B5901EB025CC6,S135(流行前线二店),0.00,0.00,12,12
赛百味(烈士陵园店),76A8AD617760B0FD,原色通讯(中华广场二店),0.00,0.00,0,0
赛百味(烈士陵园店),1656E66762941159,诺基亚龙粤体验店特约服务中心,0.00,0.00,8,7
赛百味(烈士陵园店),C545F6791A6B2904817A1431CDCE95DF,绿茵阁咖啡厅(中华广场店),0.33,0.33,19,19
赛百味(烈士陵园店),AB2FA7891229FEE39AC63179F3D3EDBB,广州保时捷中心,0.00,0.00,5,5
赛百味(烈士陵园店),C94541C9DF27CA7292C92DDB0D8AFEA2,东圃农贸综合市场,0.00,0.00,4,3
赛百味(烈士陵园店),B3648EB9EAEB6C4ADDAD763F1BDCE35A,LAWMAN服饰(天河城吉之岛店),0.00,0.00,3,2
赛百味(烈士陵园店),4399FE4FA69D9C78CA84C9D45B1B7B5E,云南过桥米线,0.00,0.00,10,10
赛百味(烈士陵园店),865E1529D34524,許留山廣州中華廣場店,0.67,0.67,3,2
赛百味(烈士陵园店),DDCF712E52600F6A,中国工商银行(陵园西路支行),0.67,0.67,6,6
赛百味(烈士陵园店),72E7CEFF9DABC92A,敦煌宫酒楼,0.00,0.00,0,0
赛百味(烈士陵园店),DCEFBAEA5624D7852F9CD35DD12B0C7C,200%茶餐厅,0.00,0.00,6,2
赛百味(烈士陵园店),0E657149D06A1D,大卡司(中华广场店),0.00,0.00,2,2
赛百味(烈士陵园店),9CB1D7BBC8E5FE,新味觉,0.00,0.00,1,1
赛百味(烈士陵园店),BDBC4ECFE1367EC9,Archness dog,0.00,0.00,1,1
赛百味(烈士陵园店),EC39156FD01DB76D,雅柔(流行前线店),0.00,0.00,1,1
赛百味(烈士陵园店),075EAA896CDC5536EF782326C5125D37,阪田屋,1.00,1.00,196,140
赛百味(烈士陵园店),7F84684E5F52128A9DC34E1CF167EEA0,YBOX(中华广场店),2.00,1.67,1408,964
赛百味(烈士陵园店),A36ED8225868219E59F4ED73A42FA562,广州市轻工高级技工学校(东校区),0.67,0.33,329,9
赛百味(烈士陵园店),4BC03275E4D07CC4,小潮菜馆,0.00,0.00,0,0
赛百味(烈士陵园店),FD92762845FEBC7A,银库(流行前线店),0.00,0.00,0,0
赛百味(烈士陵园店),F96CD96981EBD5FA,美丽自造DIY,0.00,0.00,1,1
赛百味(烈士陵园店),3750C4D024B732FE,南梦宫,0.00,0.00,73,46
赛百味(烈士陵园店),80875DC131096A,大东门(中山三路)站(西行),0.00,0.00,3,3
赛百味(烈士陵园店),036474CF777E36,CATCH时装(流行前线分店2),0.00,0.00,17,16
赛百味(烈士陵园店),DA42A7999B9861,CATCH时装(流行前线分店1),0.00,0.00,18,14
赛百味(烈士陵园店),D714499C6FAAB5,Log-on(流行前线店),0.00,0.00,4,3
赛百味(烈士陵园店),039E1C83CF1D229F,U_like,0.00,0.00,3,3
赛百味(烈士陵园店),41EC4C93F389DC,天生快活人,0.00,0.00,6,6
赛百味(烈士陵园店),B25ACCB9D29986,流行前线膳6度,0.00,0.00,1,1
赛百味(烈士陵园店),1D9307FE2FBDDE,闹不闹心就那么回事了,0.67,0.33,9,2
赛百味(烈士陵园店),6204308E9321E5,较场西路站(南行),0.00,0.00,1,1
赛百味(烈士陵园店),9CECA925C5646212870C359C3E8DCCAB,aivis,0.00,0.00,0,0
赛百味(烈士陵园店),78F10CD448EC37FE,沙芭哇,0.00,0.00,0,0
赛百味(烈士陵园店),54408654B42715FD,衫国演义(中华广场店),0.00,0.00,2,2
赛百味(烈士陵园店),5628DDF6F76DFBD0,SOFEEL HOUSE(中华广场店),0.00,0.00,5,5
赛百味(烈士陵园店),DAD025736A5AE9F3,即食乐快乐比萨餐厅,0.00,0.00,27,25
赛百味(烈士陵园店),E63A8923DCFC160E,Nike(中华广场店),0.00,0.00,12,12
赛百味(烈士陵园店),AF1FAAD1561AEFD9,新佳信通讯(中山三路店),0.00,0.00,1,1
赛百味(烈士陵园店),1AD5849DD30D598B,奋达音响,0.00,0.00,0,0
赛百味(烈士陵园店),F3C93BC59132F9D3,南方电讯,0.00,0.00,0,0
赛百味(烈士陵园店),226565A55AFC6E92,新联通讯(中华广场店),0.00,0.00,5,3
赛百味(烈士陵园店),AD3526BE5A9503FA,世纪伟信,0.00,0.00,0,0
赛百味(烈士陵园店),678169A2904A9792,新天地,0.00,0.00,2,2
赛百味(烈士陵园店),7EADC2D95F025AB3,金君临通讯,0.00,0.00,0,0
赛百味(烈士陵园店),DF3E65746DE08D9F,广天藏品(中华广场店),0.00,0.00,5,4
赛百味(烈士陵园店),248A8F8255BDFFDF,在线音乐,0.00,0.00,1,1
赛百味(烈士陵园店),AB80D40BB6EE6A75,飞天音像总汇,0.00,0.00,0,0
赛百味(烈士陵园店),D9E1C720BD2C00E7,国讯数码通讯,0.00,0.00,0,0
赛百味(烈士陵园店),34C5767466D443AE,恒通网讯,0.00,0.00,0,0
赛百味(烈士陵园店),7711823BB964817A,大天行(中华广场店),0.00,0.00,3,1
赛百味(烈士陵园店),43386BE44FCDB98F,小东西,0.00,0.00,2,2
赛百味(烈士陵园店),F8247D1F0EB6898B,易天(中华广场店),0.00,0.00,1,1
赛百味(烈士陵园店),660AB7A8D30568FC,音乐工场,0.00,0.00,0,0
赛百味(烈士陵园店),72614655298D6F12,佳升通讯,0.00,0.00,0,0
赛百味(烈士陵园店),2980ACAEA84FFE11,凤凰琴行(中华店),0.00,0.00,0,0
赛百味(烈士陵园店),77224673969462D4,纯美生活家饰廊,0.00,0.00,0,0
赛百味(烈士陵园店),82AE82CD3744692A,采樾檀林,0.00,0.00,0,0
赛百味(烈士陵园店),EBCA19A81617B64B,清雅古蜡(中华广场店),0.00,0.00,0,0
赛百味(烈士陵园店),E1CF13FEC15592F5,欧迪堡(中华店),0.00,0.00,0,0
赛百味(烈士陵园店),797D7FF18463A142,全家福家私,0.00,0.00,0,0
赛百味(烈士陵园店),D67ABE86A2642EC5,雪影店,0.00,0.00,0,0
赛百味(烈士陵园店),50DE14F9869B622E,木雅子精品(中山三路店),0.00,0.00,0,0
赛百味(烈士陵园店),14DC98310D7473AC,钧瓷,0.00,0.00,0,0
赛百味(烈士陵园店),260DFF77D858B364,雅芳婷(中华广场店),0.00,0.00,0,0
赛百味(烈士陵园店),985ACDBE2AC5B205,迪奇可乐精品,0.00,0.00,0,0
赛百味(烈士陵园店),7ED6C6D57EA8FEF0,多美绣,0.00,0.00,0,0
赛百味(烈士陵园店),417F10A535009648,百得胜壁柜(中华店),0.00,0.00,0,0
赛百味(烈士陵园店),5C005804EBA357DD,恒生家私(中华店),0.00,0.00,0,0
赛百味(烈士陵园店),9AE2A2FB59846911,纯美空间,0.00,0.00,0,0
赛百味(烈士陵园店),2564F85BAD65BAC9,天素品,0.00,0.00,0,0
赛百味(烈士陵园店),BAF7F05775CD06FA,翰檀阁,0.00,0.00,0,0
赛百味(烈士陵园店),3BC0C8794910BAB5,风雅颂,0.00,0.00,0,0
赛百味(烈士陵园店),B9B2174C65FCB55A,心意轩Q版迷城,0.00,0.00,0,0
赛百味(烈士陵园店),9DB8760422E97A81,英华筷子,0.00,0.00,0,0
赛百味(烈士陵园店),CDD732FBF887AEC7,爱情氧吧,0.00,0.00,0,0
赛百味(烈士陵园店),1DE1F57EEF5A7D77,AMY精品,0.00,0.00,0,0
赛百味(烈士陵园店),F893B3DE0DF6157A,M2精品,0.00,0.00,0,0
赛百味(烈士陵园店),2B527711BC8D01DE,丽来行,0.00,0.00,0,0
赛百味(烈士陵园店),2BFF1461F865BC91,紫炫臻品,0.00,0.00,1,1
赛百味(烈士陵园店),A932AB30DE1E2200,水晶花联盟,0.00,0.00,0,0
赛百味(烈士陵园店),984AB97C55F6B597,好莱客(中华店),0.00,0.00,0,0
赛百味(烈士陵园店),3F6A424AAE6749D2,三地书店,0.00,0.00,0,0
赛百味(烈士陵园店),C3920FFDED026ED9,名镜廊(中华店),0.00,0.00,1,1
赛百味(烈士陵园店),62A1FF8C2F5857C7,东方眼镜(中华店),0.00,0.00,1,1
赛百味(烈士陵园店),D9198D7A5D62FFE1,百事(中华广场店),0.00,0.00,0,0
赛百味(烈士陵园店),E43D29912FF13A92,卡士太阳眼镜,0.00,0.00,0,0
赛百味(烈士陵园店),F4ED61B6BDE3EE6D,CONVERSE(中华一店),0.00,0.00,1,1
赛百味(烈士陵园店),568868AF73ACA512,米奇(中华广场店),0.00,0.00,3,3
赛百味(烈士陵园店),56D5AB4549C94AD1,莱克斯顿(中华广场店),0.00,0.00,0,0
赛百味(烈士陵园店),D415B18F1A1DEF72,百图(中华广场店),0.00,0.00,0,0
赛百味(烈士陵园店),F61EF159136B2F86,外贸名牌精品饰物,0.00,0.00,0,0
赛百味(烈士陵园店),9FC796FD824699B1,康妮雅(中华广场店),0.00,0.00,0,0
赛百味(烈士陵园店),496061433A4D9422,自由蝴蝶(中华一店),0.00,0.00,0,0
赛百味(烈士陵园店),05A40B68F92133BD,卡佛连(中华店),0.00,0.00,1,1
赛百味(烈士陵园店),D3B4876B376CF778,卡路·约翰(中华广场店),0.00,0.00,0,0
赛百味(烈士陵园店),D59C16485EEDA831,华庭音像中心,0.00,0.00,0,0
赛百味(烈士陵园店),FAFF2888359453E0,聚茗轩茶艺,0.00,0.00,0,0
赛百味(烈士陵园店),C38B0A4B616CA1AB,天地人参,0.00,0.00,1,1
赛百味(烈士陵园店),BF378D29C7AAA3E8,伊品瑞唐装,0.00,0.00,1,1
赛百味(烈士陵园店),E79BB2E01ECBA5BA,一品服饰,0.00,0.00,0,0
赛百味(烈士陵园店),FC58DAD04DD07F1E,依&伊,0.00,0.00,0,0
赛百味(烈士陵园店),B9FD6A3E13E21583,IN SIDE天然琥珀,0.00,0.00,0,0
赛百味(烈士陵园店),099984A8EA5AAA7E,开运天然水晶,0.00,0.00,0,0
赛百味(烈士陵园店),7BB4FF2A1BF38BD5,中兴珠宝,0.00,0.00,0,0
赛百味(烈士陵园店),30624841C4672B42,煌君,0.00,0.00,1,1
赛百味(烈士陵园店),D3DA07227EBADF05,虹福珠宝,0.00,0.00,3,3
赛百味(烈士陵园店),C3D2D9A54AA33CD1,莱宝珠宝(中华店),0.00,0.00,0,0
赛百味(烈士陵园店),CAD76726988FA0DF,凯妮伊泰莲娜饰品店(中华广场店),0.00,0.00,0,0
赛百味(烈士陵园店),80787FA3BC944A27,银之恋,0.00,0.00,0,0
赛百味(烈士陵园店),039E2EC32063F643,诚和表行,0.00,0.00,0,0
赛百味(烈士陵园店),26E93B51C0D6029E,新得利水晶,0.00,0.00,0,0
赛百味(烈士陵园店),5CC05D03D866CC12,晶宝岛,0.00,0.00,1,1
赛百味(烈士陵园店),14143AA7A086F0EE,圣女美颜化妆品专卖店(中华广场店),0.00,0.00,0,0
赛百味(烈士陵园店),7D5F4A9F3C1C30A0,汇美舍(中华店),0.00,0.00,0,0
赛百味(烈士陵园店),6C09E854C6AD1214,黑眼镜,0.00,0.00,0,0
赛百味(烈士陵园店),6582B32F381C1310,天福茗茶(中华广场店),0.00,0.00,0,0
赛百味(烈士陵园店),C0E9878389795C03,艾捷平方(中华广场店),0.00,0.00,0,0
赛百味(烈士陵园店),813899BF1AD43C10,RUGUO,0.00,0.00,3,3
赛百味(烈士陵园店),9AF5889CED5FCF34,LES PLINLA,0.00,0.00,0,0
赛百味(烈士陵园店),64B8B336FEFF6874,黑白巴黎,0.00,0.00,1,1
赛百味(烈士陵园店),D23F73EAD786D46E,JESTION,0.00,0.00,1,1
赛百味(烈士陵园店),DCBDA909A3CC6FA2,欧马,0.00,0.00,1,1
赛百味(烈士陵园店),A37F2A2165239FEE,卓比皮具,0.00,0.00,0,0
赛百味(烈士陵园店),E6FEE34A8B94DC45,IB.BOSE(中华广场店),0.00,0.00,0,0
赛百味(烈士陵园店),83FDB624BE1E0B3E,花穗商贸,0.00,0.00,0,0
赛百味(烈士陵园店),4CB64D2802BFBDE7,藏经阁,0.00,0.00,0,0
赛百味(烈士陵园店),C87BD91C125A669B,Kerrolly,0.00,0.00,3,3
赛百味(烈士陵园店),96A9B45C2A326B33,自由蝴蝶(中华二店),0.00,0.00,0,0
赛百味(烈士陵园店),177EAE21BC56F5C0,潮流指标(中山三路店),0.00,0.00,0,0
赛百味(烈士陵园店),D226339D90921601,缘木(中华广场店),0.00,0.00,0,0
赛百味(烈士陵园店),8AD03D38796D91F2,CONVERSE(中华二店),0.00,0.00,0,0
赛百味(烈士陵园店),2406B61559181C19,素.丹汶诗(中华店),0.00,0.00,0,0
赛百味(烈士陵园店),43C17C181CA6AC3D,摩斯雷(中华广场店),0.00,0.00,0,0
赛百味(烈士陵园店),90FE748D01C2AC73,SHARE,0.00,0.00,2,2
赛百味(烈士陵园店),5C511BC818CDBA90,丽人,0.00,0.00,0,0
赛百味(烈士陵园店),ED80DFE210BD3F4A,尚凯,0.00,0.00,0,0
赛百味(烈士陵园店),283769BDD78C05CE,丹饰服饰,0.00,0.00,0,0
赛百味(烈士陵园店),393C39136DEAFE3E,珀轩,0.00,0.00,0,0
赛百味(烈士陵园店),32FFC6EFDD64034A,BAG4U,0.00,0.00,1,1
赛百味(烈士陵园店),6F1C4524E06165EE,优舍,0.00,0.00,0,0
赛百味(烈士陵园店),4C2A5CF15E93487E,YOUR!,0.00,0.00,0,0
赛百味(烈士陵园店),67C01A350DB413E7,樱奈美,0.00,0.00,1,1
赛百味(烈士陵园店),A115BEECC133FBCF,MCP,0.00,0.00,0,0
赛百味(烈士陵园店),B473E8A84FF66B89,首饰制作吧(中华广场店),0.00,0.00,0,0
赛百味(烈士陵园店),799F60CC4B3FB918,秋叶源饰品,0.00,0.00,1,1
赛百味(烈士陵园店),DE4477195C1F1A25,扎西德勒饰缘阁(中华广场店),0.00,0.00,0,0
赛百味(烈士陵园店),5BEFF7AB129015BD,芬怡,0.00,0.00,0,0
赛百味(烈士陵园店),9018ABA58BC2AF9C,名流纤体美容中心(中华广场店),0.00,0.00,1,1
赛百味(烈士陵园店),08FE39BA59647FBB,芭克·闪冰(中华广场店),0.00,0.00,2,2
赛百味(烈士陵园店),E0324935142A8552,东方眼镜(中华广场店),0.00,0.00,0,0
赛百味(烈士陵园店),29574C73E87E4224,小田原生日礼物,0.00,0.00,2,2
赛百味(烈士陵园店),39FED11591AF3C69,四季风情,0.00,0.00,0,0
赛百味(烈士陵园店),99681B60463859FA,域图幸运鼠童装,0.00,0.00,0,0
赛百味(烈士陵园店),0DD1B49C9335750D,BB.COM童鞋,0.00,0.00,1,1
赛百味(烈士陵园店),AFE945E3D79123A1,穗港欧陆家私(中华店),0.00,0.00,0,0
赛百味(烈士陵园店),101FBDD67308B6F0,慧霞旗袍(中华广场店),0.00,0.00,0,0
赛百味(烈士陵园店),7C9B35DBD4FFABB0,美的鞋(中华广场店),0.00,0.00,0,0
赛百味(烈士陵园店),853137DC5E3D5EEE,娜圣莎,0.00,0.00,1,1
赛百味(烈士陵园店),F14CD695A2C5EE17,佰草集(中华广场店),0.00,0.00,0,0
赛百味(烈士陵园店),259CE77D683ED38A,高尚家具(中华店),0.00,0.00,0,0
赛百味(烈士陵园店),FA166054DDF66680,波波童装,0.00,0.00,0,0
赛百味(烈士陵园店),262AB459858B7E11,巧盈名牌子母服,0.00,0.00,0,0
赛百味(烈士陵园店),DEC934BD5C5CC568,丽婴房(中华店),0.00,0.00,1,1
赛百味(烈士陵园店),D5169F61B83CA42E,原创玩具房,0.00,0.00,0,0
赛百味(烈士陵园店),FCF6417631512CAC,大轮子童装,0.00,0.00,0,0
赛百味(烈士陵园店),E1E8048990FD33B5,中华百货,0.33,0.33,28,26
赛百味(烈士陵园店),F04664EDBC92B543,中域电讯(中华广场店),0.00,0.00,0,0
赛百味(烈士陵园店),54D93CF62E33B080,国美电器(中华广场店),0.00,0.00,13,8
赛百味(烈士陵园店),295045FC224EF418,百丝(中华广场店),0.00,0.00,0,0
赛百味(烈士陵园店),506BA48B9C6B19A6,汉崇(中华店),0.00,0.00,13,6
赛百味(烈士陵园店),633B6314521F834F,艾哲(中华店),0.00,0.00,1,1
赛百味(烈士陵园店),E92D3B4793380046,豪威尔斯,0.00,0.00,0,0
赛百味(烈士陵园店),E5FDF2CCBE41B250,彬彬时装,0.00,0.00,0,0
赛百味(烈士陵园店),40EB486CA4F7FEB0,夏洛儿,0.00,0.00,1,1
赛百味(烈士陵园店),C4349E78491C6A79,雪媚卡纯银饰,0.00,0.00,0,0
赛百味(烈士陵园店),B9C79FE8BEC6EC8F,妍新珠宝(中华广场店),0.00,0.00,0,0
赛百味(烈士陵园店),51A3ACA8A91C5BC6,点石珠宝(中华广场店),0.00,0.00,0,0
赛百味(烈士陵园店),AD69DE394FE3874E,L平方银饰专卖店,0.00,0.00,1,1
赛百味(烈士陵园店),BCE2E0B56B7C3C69,名流发型(中华店),0.00,0.00,11,7
赛百味(烈士陵园店),E9ACD77B4C839806,金大福珠宝(中华店),0.00,0.00,0,0
赛百味(烈士陵园店),843ED5EF5FC1379B,浓情钻石首饰(中华店),0.00,0.00,0,0
赛百味(烈士陵园店),C8F5FD082C4A2179,莱福珠宝(中华广场店),0.00,0.00,0,0
赛百味(烈士陵园店),1A5935FE1BF7B804,奈瑞儿塑身美颜(中华广场店),0.00,0.00,0,0
赛百味(烈士陵园店),A632143E7CF7A7FE,匡威(富一城店),0.00,0.00,0,0
赛百味(烈士陵园店),A7D8AEF5EEAFF0A5,虹,0.00,0.00,1,1
赛百味(烈士陵园店),53BE0D923793B18A,季候风古雅服饰,0.00,0.00,0,0
赛百味(烈士陵园店),BF059EED4D80678E,原色通讯(中华广场一店),0.00,0.00,0,0
赛百味(烈士陵园店),8F96C00ABBBD2532,丹迪当(中华广场店),0.00,0.00,3,3
赛百味(烈士陵园店),AC97D32DCF4C8F55,时间廊(中华店),0.00,0.00,2,1
赛百味(烈士陵园店),3A0A48D3FDE937D1,CKC冰淇淋(东山店),0.00,0.00,0,0
赛百味(烈士陵园店),9E6EFF3AE70B870D63114D2D436EE37A,PAUL FRANK(地王广场),0.00,0.00,762,479
赛百味(烈士陵园店),0D695F379537D26007CAA09CC3736DC9,[活动] 广州中华广场 - 诺基亚地图3D,0.00,0.00,1,1
赛百味(烈士陵园店),78AA195D151AF3D4,真功夫(中华广场店),0.00,0.00,56,39
赛百味(烈士陵园店),69475409FAF3F62C,力美健(中华广场店),1.00,1.00,856,514
赛百味(烈士陵园店),9C300744A5398E6A,闲逸书屋,0.00,0.00,20,14
赛百味(烈士陵园店),ADAFE2395F2A6921,友和回转寿司(中华广场店),0.33,0.33,31,26
赛百味(烈士陵园店),ED9057A1882B10C77E0FE001EAB0B4F3,星巴克 STARBUCKS(中华广场二店),0.67,0.67,101,69
赛百味(烈士陵园店),72325FF6AB59BAC2047A7B3542A91B1A,靓靓屋,0.00,0.00,0,0
赛百味(烈士陵园店),FD19C69CAC8E0635,亮视点(中华广场店),0.00,0.00,0,0
赛百味(烈士陵园店),8A69D2FC14697E19,邓留山(流行前线店),0.00,0.00,193,49
赛百味(烈士陵园店),F1E50B46538AD427,千色店(中华店),0.00,0.00,2,2
赛百味(烈士陵园店),2E06AD817355B109,欧时力(中华广场店),0.00,0.00,1,1
赛百味(烈士陵园店),5D96FDAB0C035A4A,百丽(中华广场店),0.00,0.00,4,4
赛百味(烈士陵园店),518D9B7424B4550D,贝妮兔(地王广场店),0.00,0.00,0,0
赛百味(烈士陵园店),50DBB99EAC3A35F86F5703161BFD0A70,荷兰花园,0.00,0.00,1,1
赛百味(烈士陵园店),4278D8A5CC2A270529A6E2109A5C6EC4,新城市学校,0.00,0.00,5,3
赛百味(烈士陵园店),B6A0F5642B523694,大禾寿司(流前店),1.33,1.33,223,180
赛百味(烈士陵园店),0BE6C664C108FE,中華廣場,0.33,0.33,5,5
赛百味(烈士陵园店),F862A9B3DB27866A,麦当劳甜品站(流行前线店),0.00,0.00,14,13
赛百味(烈士陵园店),C29ADE5FE37A2BF40189BEC805849353,烈士陵园公交车站1,0.67,0.67,21,18
赛百味(烈士陵园店),7DFACB74B1ADD79B,中山大学附属口腔医院,0.00,0.00,9,8
赛百味(烈士陵园店),7244213AA1D28ECB,索尼爱立信维修中心(陵园西店),0.00,0.00,1,1
赛百味(烈士陵园店),DF1963D94395DE6E,易讯电讯,0.00,0.00,2,2
赛百味(烈士陵园店),973233178D077A15,棋乐会,0.00,0.00,2,2
赛百味(烈士陵园店),8A485BE489D9BE62,广联礼堂,0.67,0.67,81,70
赛百味(烈士陵园店),E81C225C7FA96B,华星冰室,0.00,0.00,2,2
赛百味(烈士陵园店),4EC2DC55E7F28098,LA  VIA 嫁衣工坊,0.00,0.00,0,0
赛百味(烈士陵园店),F9716675494F0686,齐汇时尚美食,0.00,0.00,3,3
赛百味(烈士陵园店),4F110B22DD53709F,咕噜咕噜(陵园西店),0.00,0.00,3,3
赛百味(烈士陵园店),2A71049859B3D6E67FF04C95FF05B896,FACEmodels 广州飞势模特经纪有限公司,0.00,0.00,5,2
赛百味(烈士陵园店),693D080B5CA0ABC4FBDF05FF379AD157,mix hostel,0.00,0.00,6,4
赛百味(烈士陵园店),1A54BF4CC09D6D38897ED25CF72AF32A,天线宝宝儿童育教中心,0.00,0.00,6,2
赛百味(烈士陵园店),3D6683871395E86A7053381C1C348703,Elink Creative,0.00,0.00,59,3
赛百味(烈士陵园店),EFED4E3CC971BEE1,英雄广场,1.33,0.67,374,113
赛百味(烈士陵园店),12E7F18C7FAB7ED680866EEB74B32EB8,Lavazza-Espression(中华广场店),0.00,0.00,92,70
赛百味(烈士陵园店),6DE8230B3D26B5AE,笑味轩,1.00,1.00,140,110
赛百味(烈士陵园店),78073ED8A52AC8C0D0A304988F212626,NATKIEL(流行前线店),0.00,0.00,16,11
赛百味(烈士陵园店),E6B41059E0AC2E78,翁氏魔术用品专卖店(流行前线店),0.00,0.00,1,1
赛百味(烈士陵园店),CCDE3950EB1E8EFB,冰果冰,0.00,0.00,0,0
赛百味(烈士陵园店),1C42533C47B82CC0,中国建设银行(烈士陵园地铁分理处),0.00,0.00,1,1
赛百味(烈士陵园店),1D6F300CC3629BC5,银记肠粉店(中山三路店),0.33,0.33,61,39
赛百味(烈士陵园店),581DDF944F1BEAAA,喜家彩绘胶贴,0.00,0.00,0,0
赛百味(烈士陵园店),08DCBBB03E00CB23,詹氏溜冰用品专卖店,0.00,0.00,0,0
赛百味(烈士陵园店),32A7CE41C8EFB4D7,运隆行,0.00,0.00,0,0
赛百味(烈士陵园店),734B7B2B9987F12A,拉阔品味服装行,0.00,0.00,0,0
赛百味(烈士陵园店),9735D79FBBE2B711,马连奴·奥兰迪(流行前线店),0.00,0.00,0,0
赛百味(烈士陵园店),64E7E5109D39DF8A,时间廊(流行前线店),0.00,0.00,5,3
赛百味(烈士陵园店),5EAA0781D289496A,贝蒂专卖店,0.00,0.00,0,0
赛百味(烈士陵园店),CE3B053D9CBA8817,10.2(流行前线店),0.00,0.00,24,22
赛百味(烈士陵园店),1B2EC3CB11B2F712,大一钟表眼镜(流行前线店),0.00,0.00,1,1
赛百味(烈士陵园店),1355BC74F6A54BFD,匡威(流行前线店),0.00,0.00,2,1
赛百味(烈士陵园店),74231C9AD896EB16,It's A1(流行前线店),0.00,0.00,0,0
赛百味(烈士陵园店),85C6E53D8ED00329,自由易(流行前线店),0.00,0.00,0,0
赛百味(烈士陵园店),63DF6C8EAEA61ED4,纽斯纳雪糕(流行前线店),0.00,0.00,0,0
赛百味(烈士陵园店),CE816639036FA22C,YBOX(流行前线店),2.00,0.67,1330,774
赛百味(烈士陵园店),8ABDD2A873468E11,万岁寿司(流行前线店),0.67,0.67,145,116
赛百味(烈士陵园店),5B797DE33129A4EA,膳6度(流行前线店),0.33,0.33,169,41
赛百味(烈士陵园店),623720048FEB903B,流行前线,1.67,1.67,451,356
赛百味(烈士陵园店),4E9B34EB94E5D43D,佐丹奴(流行前线店),0.33,0.33,5,5
赛百味(烈士陵园店),FAFE1F2502E3C6DE,G2000(中华店),0.00,0.00,11,5
赛百味(烈士陵园店),FF8C5FB60A8599BB,唯色通讯,0.00,0.00,3,2
赛百味(烈士陵园店),D5CCC8144F8F0B,柚子轮滑专业装备(YOYOSKATE旗舰店),0.00,0.00,3,3
赛百味(烈士陵园店),011733BF2BEF7BD74C197EA248641760,原盒,0.00,0.00,5,5
赛百味(烈士陵园店),44143161B2D072C1D63986AF8EECFDED,啊啊,0.00,0.00,1,1
赛百味(烈士陵园店),D96285EEF7EADBCD329F377FB759EC00,盈讯电子(流行前线店),0.00,0.00,112,29
赛百味(烈士陵园店),CB4A1D1B10E1AAB557EE5FDF6D504077,阪田屋,0.00,0.00,1,1
赛百味(烈士陵园店),04A6C492E86BCCE3,Band goal salon,0.00,0.00,21,18
赛百味(烈士陵园店),751F0FB2B3CEB6CDAB7477B59C933BE8,7-11便利店(东山口地铁站),0.00,0.00,43,10
赛百味(烈士陵园店),9079ACA3AF29FC,万岁寿司,0.00,0.00,1,1
赛百味(烈士陵园店),7CB3DA8FB59866,massa,0.33,0.33,2,2
赛百味(烈士陵园店),F95AFE70320D6EBE,南湖国旅(中华广场营业部),0.00,0.00,0,0
赛百味(烈士陵园店),ADBCFFB453F22D4C185AC095766726E1,日阅堂(烈士陵园),0.00,0.00,3,3
赛百味(烈士陵园店),31A26560E4DBD1B3,沛记蒸饭,0.00,0.00,0,0
赛百味(烈士陵园店),DC6D6090A8A97EBE07E86461329BA6D6,烈士陵园地铁站,4.67,4.00,834,481
赛百味(烈士陵园店),2C3565BB4DCD99A7105CAD28ADD16076,[活动] 烈士陵园地铁站 - 无限1号店,0.00,0.00,879,442
赛百味(烈士陵园店),2E6B35C8F070F8,烈士陵园站(西行),0.00,0.00,2,2
赛百味(烈士陵园店),F4C24C0B3301C755AF642B0E4C8ABC29,板田屋,0.00,0.00,4,3
赛百味(烈士陵园店),3AB9E420828867D4,乔蔓咖啡(中山三路店),1.67,1.33,228,179
赛百味(烈士陵园店),C38B97811CB689AB,赛百味(烈士陵园店),5.00,4.67,213,146
赛百味(烈士陵园店),37050BE8BDCF80C1,walker Shop(中华广场店),0.00,0.00,5,5
赛百味(烈士陵园店),0C7790B97A4BB25F,汇豪海鲜酒家,0.00,0.00,10,10
赛百味(烈士陵园店),BDD726BCFEFE9198,南雄土菜馆,1.67,0.67,14,6
赛百味(烈士陵园店),1DB657BD7B678EDC,一桶天下(东风东路店),0.00,0.00,8,7
赛百味(烈士陵园店),F2DFC66867F8B60F,美术中学,0.33,0.33,97,34
赛百味(烈士陵园店),A2F6FAA2A07224,友和寿司,0.00,0.00,1,1
赛百味(烈士陵园店),EEB10E2324A9D38E,阳光小伙子,0.00,0.00,0,0
赛百味(烈士陵园店),E8E549EF03601C47DFE68D30CD620CD8,1920 Restaurant and Bar(建设六马路店),4.67,4.67,533,353
赛百味(烈士陵园店),951A623BFF3DF36C3426A601BDED18F3,東北人,0.00,0.00,2,2
赛百味(烈士陵园店),C169D878AD65C4,润沣海鲜酒家,0.00,0.00,1,1
赛百味(烈士陵园店),87862A5E6B31F82F,瓦饭堂,0.00,0.00,0,0
赛百味(烈士陵园店),7B609BC0BC90D555,臣福龙小东北(东山店),0.00,0.00,51,37
赛百味(烈士陵园店),B71AA6125AD7F6,广州鼎尚广告有限公司,0.00,0.00,1,1
赛百味(烈士陵园店),5BD54DF63AD3203D,中山大学光华口腔医院(陵园西路分院),1.33,1.33,198,129
赛百味(烈士陵园店),ED4EE6F7CD17D835,东风大酒店,0.33,0.33,117,73
赛百味(烈士陵园店),0CBAA1E9342BAEBC,索尼爱立信维修中心(东风东店),0.00,0.00,2,2
赛百味(烈士陵园店),B2B8E997F9BCDB,芝心堂(中华广场),0.00,0.00,2,2
赛百味(烈士陵园店),074F2D5ABA122E,東亞會私房菜,0.00,0.00,1,1
赛百味(烈士陵园店),30C7EB1EFE2E69,鸽子皇,0.00,0.00,1,1
赛百味(烈士陵园店),36A52944A296F951,屋之堡(陵园店),0.00,0.00,0,0
赛百味(烈士陵园店),4DAF0D28050EFFFF,TOMMY HAIR SALON(中山三路店),0.00,0.00,10,10
赛百味(烈士陵园店),6A49551D24FECC7E51A471FE06C1FC30,知星(综合店),0.00,0.00,0,0
赛百味(烈士陵园店),0280A943BDA118,鸡扒超人,0.00,0.00,1,1
赛百味(烈士陵园店),1C6C951CCBB56A,maku流行前线店,0.00,0.00,1,1
赛百味(烈士陵园店),C4F5DC77D89F117C432D299A6A3989E9,大东门公交站,0.33,0.33,1296,912
赛百味(烈士陵园店),C24EC3E51D7B15F9,新味道私房菜,0.67,0.67,190,114
赛百味(烈士陵园店),573C67AA028317B8,佳叔汤丸王(东山店),0.00,0.00,94,73
赛百味(烈士陵园店),33AD9A267BC3AA6950AA6ED685A4F66E,卡朋西餐(中山三路店),1.67,1.67,421,328
赛百味(烈士陵园店),A4117C4A8FBC209B,水果捞(中山三路店),0.00,0.00,10,9
赛百味(烈士陵园店),C6E2D9783C3EE3,五代同糖(中山三路店),11.67,11.33,110,91
赛百味(烈士陵园店),623A286699D6F3,银记肠粉店,0.00,0.00,1,1
赛百味(烈士陵园店),ACB6850C4712E5,鸡排超人(中山三路店),0.67,0.67,22,20
赛百味(烈士陵园店),791757068F7CC744F685F5C4BAB17894,瑞记海南鸡饭(中山三路店),2.33,2.00,157,103
赛百味(烈士陵园店),7CD56AD12CD0EE,中国移动通信中山三服营厅,0.00,0.00,5,5
赛百味(烈士陵园店),9B4CDE2A8293CC3D9D91FE6A1A237AFF,I.O.U.发型机构(中山三路店),0.00,0.00,80,45
赛百味(烈士陵园店),874D1BF1B6754C50241D9CB49C99D00A,邦德学友教育农讲所分校,0.00,0.00,14,6
赛百味(烈士陵园店),065F58B859472ABD2E631AAAF17278C5,其美,0.00,0.00,22,17
赛百味(烈士陵园店),A7A00BDB1188B054237A23198B86FD77,广州近代史博物馆,0.33,0.33,13,12
赛百味(烈士陵园店),95F61C0F39705BCA5FF9561AF915E90D,欧莱雅淘宝仓,0.00,0.00,1,1
赛百味(烈士陵园店),72F6BACF988E202A,怡福家政,0.00,0.00,0,0
赛百味(烈士陵园店),1DAAA1F03786FD92,顽皮家族宠物医院,0.00,0.00,0,0
赛百味(烈士陵园店),783942D9422AEE,yamaha广州音乐中心,0.33,0.33,1,1
赛百味(烈士陵园店),0547914EC537CF6AA33ED899B5DB33D2,广州市越秀区卫生监督所,0.00,0.00,3,3
赛百味(烈士陵园店),5AF940EF61EC53,beautycube化妆教学,0.00,0.00,1,1
赛百味(烈士陵园店),84D98552AEF9F88F294A682F9C58780B,佳叔汤丸王(总店),0.33,0.33,8,7
赛百味(烈士陵园店),162A8DE132535C28,原色通讯(流行前线一店),0.00,0.00,1,1
赛百味(烈士陵园店),606E3BDCB9BFC19C,佳岛小站,0.00,0.00,0,0
赛百味(烈士陵园店),81D97B025BC3FEB0,汉唐风味轩,0.00,0.00,1,1
赛百味(烈士陵园店),BF300113386044C7F407429A34046751,中山三路封宅,0.00,0.00,1,1
赛百味(烈士陵园店),9D4D33765110EB10,表哥香港茶餐厅(中山三路店),1.33,1.33,630,429
赛百味(烈士陵园店),8199FA610E7D09DF,绝味鸭脖(中华广场店),0.00,0.00,1,1
赛百味(烈士陵园店),ADD491CFC1F63641,LOVE&LOVE,0.00,0.00,2,2
赛百味(烈士陵园店),395E27FDEA3EF50E,将太日本料理(中山三路店),0.00,0.00,1,1
赛百味(烈士陵园店),684CE168C34801F503629125B51A4805,越秀区妇幼保健院(东山分院),0.00,0.00,10,3
赛百味(烈士陵园店),17E6DC56F1119D,IOU salon,0.00,0.00,12,11
赛百味(烈士陵园店),DD7CD2F88DB263,卡朋西餐馆,0.00,0.00,18,17
赛百味(烈士陵园店),78602516D5C6E287,仙踪林(大东门店),0.00,0.00,31,17
赛百味(烈士陵园店),5E4DA3792E81DCB0,原色通讯(流行前线三店),0.00,0.00,2,2
赛百味(烈士陵园店),FA11A0D8C7D2DFD5C20FB30A4E03A055,韩新美发沙龙,0.00,0.00,1,1
赛百味(烈士陵园店),C1F912C03DEBD0A6,中山三路小学,0.00,0.00,54,16
赛百味(烈士陵园店),88CA19FE2290C0ECD8A001C635671381,義记茶餐厅,0.00,0.00,11,9
赛百味(烈士陵园店),AC9FC6B0205DD15037D1C4E07EA3D2EE,佳叔汤丸王,0.00,0.00,2,2
赛百味(烈士陵园店),A07E0C4E2AF9E27EB5C46EA2C6DA4AB2,金力高桌球会,0.00,0.00,10,5
赛百味(烈士陵园店),267A7AF406BA26,佰搭果(中山三路店),1.00,1.00,15,14
赛百味(烈士陵园店),694202323BB050,TOUCH TEAM流行舞蹈培训机构,0.33,0.33,2,1
赛百味(烈士陵园店),2CD034D72BD361C125DEAE683022E0F2,羊城地铁报,0.33,0.33,5,5
赛百味(烈士陵园店),B21477147F42F3,黄鹏烧鹅仔(中华广场店),0.00,0.00,1,1
赛百味(烈士陵园店),DCBF5334F1657C90,科美通讯,0.00,0.00,4,2
赛百味(烈士陵园店),676FE49A253F3D11,58度C(中山三路店),0.00,0.00,2,2
赛百味(烈士陵园店),185C61270EE6BA,speed陵园西分部,0.00,0.00,2,2
赛百味(烈士陵园店),CE2EF31F676533,221B,0.00,0.00,2,1
赛百味(烈士陵园店),EBFEC6A67166E4,伊萬先生的單間(喂),0.00,0.00,2,1
赛百味(烈士陵园店),E3E86005A99D7F,221B客廳的長沙發,0.00,0.00,2,1
赛百味(烈士陵园店),5D0EB09D140844,221B唯一的睡房,0.00,0.00,1,1
赛百味(烈士陵园店),49133439308AE759,Q立方时尚餐厅(中华广场店),0.33,0.33,83,72
赛百味(烈士陵园店),B67F4E3C80A61F33B6148EBAB677A687,comprehend(流行前线店),0.00,0.00,27,14
赛百味(烈士陵园店),F71339A4E3DCF918,圣晟新疆特产,0.00,0.00,1,1
赛百味(烈士陵园店),5C02CA3B1FD89B53,天使简约(中华店),0.00,0.00,0,0
赛百味(烈士陵园店),66DD8E4C3AAF01A0CEB47A7019CF3E84,江南新村,0.00,0.00,11,4
赛百味(烈士陵园店),373BF305090D03,弹丸滋地(地王广场店),0.00,0.00,9,9
赛百味(烈士陵园店),1C578D668EE46C21,新荣记食杂店,0.33,0.33,30,27
赛百味(烈士陵园店),E197A303125D945E,柠檬草,0.00,0.00,0,0
赛百味(烈士陵园店),FDA3BA325F634D,咕噜咕噜(中华广场店),0.00,0.00,1,1
赛百味(烈士陵园店),BAD744CC20E53176,原色通讯(流行前线二店),0.00,0.00,1,1
赛百味(烈士陵园店),A4491EBD4227BB34,Muzi Cafe,0.00,0.00,3,2
赛百味(烈士陵园店),069C05F25CBF2AF0,金凯商业城,0.00,0.00,3,3
赛百味(烈士陵园店),53E305DEC3BC2E31,依之妮童装店,0.00,0.00,0,0
赛百味(烈士陵园店),60FE0B6840BE650E,薯仔秀,0.00,0.00,1,1
赛百味(烈士陵园店),83054DE7DA6C6C2C00E13E976E72C896,泰元素(中华广场店),0.00,0.00,2,2
赛百味(烈士陵园店),2B5DBE3B0C1AD57C6DE4E8DB8BFDB90B,泰元素(中华广场店),0.33,0.33,14,13
赛百味(烈士陵园店),7561F93A03DC1E,萨莉亚,0.00,0.00,4,3
赛百味(烈士陵园店),59AB7C10820C8AB731321B2A1E9F469E,金本涮涮锅(中华广场店),0.00,0.00,3,3
赛百味(烈士陵园店),F2FEFEC6CBA4E790D2FDB4148D2D56CC,汇通面,0.00,0.00,6,5
赛百味(烈士陵园店),252E0BF695B2DE,公主蜜语,0.00,0.00,7,2
赛百味(烈士陵园店),140F5A216B5E3B3C,环幕4D影院,0.00,0.00,2,2
赛百味(烈士陵园店),7F738630C7813FF4,盈讯电子(自由闲店),0.00,0.00,59,18
赛百味(烈士陵园店),BD8E3DBB115758C0,广东革命历史博物馆,0.33,0.33,20,20
赛百味(烈士陵园店),E0E73D2F75BDA92EC291041A2A77122E,swatch (中华广场旗舰店),0.00,0.00,4,2
赛百味(烈士陵园店),8868D1F74FBED8,鸡排超人(中华广场店),0.33,0.33,2,2
赛百味(烈士陵园店),23AFB80FA2C72F,中山三路,0.33,0.33,6,6
赛百味(烈士陵园店),2AD54119D04B21,全优 芬兰早教中心,0.00,0.00,2,2
赛百味(烈士陵园店),DFA0BAA4261C9C,中居君的図書館,0.00,0.00,8,2
赛百味(烈士陵园店),EA091202A6D33DAE074AA2D794B64C62,升升公寓,0.00,0.00,1,1
赛百味(烈士陵园店),D38E73FF4D97B055170DE7124FFE5E42,金宝怡庭,0.00,0.00,3,3
赛百味(烈士陵园店),E977CD9B4D595B2249007752721A8626,千岸の馆,0.00,0.00,30,24
赛百味(烈士陵园店),5A641BFD97EBC5,鲜芋仙(中华广场店),4.67,4.67,49,43
赛百味(烈士陵园店),ECC8FBD5D05D0EAE,原色通讯(陵园西路店),0.00,0.00,1,1
赛百味(烈士陵园店),211314A7E7882BAF,糖果木屋店,0.00,0.00,0,0
赛百味(烈士陵园店),F670D8F0C14D7AB635D3BA435E626B26,睿进电子商务,0.00,0.00,37,1
赛百味(烈士陵园店),33F9281C42B13D,Angelo的餐廳,0.00,0.00,1,1
赛百味(烈士陵园店),70BCBEDEDCC01A,阿斯加爾德駐中庭辦事處,1.00,0.33,3,1
赛百味(烈士陵园店),6571C2DC9B9BF4,夏偵探的實驗臺,0.00,0.00,7,1
赛百味(烈士陵园店),BBF2932502775433963BFE2BD59F80AB,道香茶餐厅,0.00,0.00,13,10
赛百味(烈士陵园店),69301175A26E53,白云路瑞齐宁白寿,0.00,0.00,2,1
赛百味(烈士陵园店),57C506C67A1AE6,0871云南小馆,0.33,0.33,5,5
赛百味(烈士陵园店),FC869149F212B00F,isweet,0.00,0.00,3,3
赛百味(烈士陵园店),AC8C7391425A1415,Just Us,0.00,0.00,5,5
赛百味(烈士陵园店),1F27EFF8ACF8D3,迅驰通信,0.33,0.33,1,1
赛百味(烈士陵园店),C30C684AEAF47A29536199AB6F95B0A0,广州粤北商务酒店,0.00,0.00,4,4
赛百味(烈士陵园店),D76664C12E6C5F,蜀味浓鱼庄,0.00,0.00,6,4
赛百味(烈士陵园店),F83A97CEBC5FC76A0F56FB250F7102C1,0871云南小馆,1.67,1.67,388,249
赛百味(烈士陵园店),5FAD753BE50F44,真煌阁酒家,0.00,0.00,1,1
赛百味(烈士陵园店),57FE6E4AF7C566ACA5E67988359839FB,明一快餐,0.00,0.00,2,2
赛百味(烈士陵园店),DCBF3FC1C406AD959358B60BE6D561B9,YOYO TIME 优格店,0.00,0.00,7,7
赛百味(烈士陵园店),3933ECC094758CA21A82C4CA8F79155E,3G.cn office,0.00,0.00,22,5
赛百味(烈士陵园店),7DB0A0DE50AB481060FDBCFABB0A97C0,广东议政局遗址,0.00,0.00,1,1
赛百味(烈士陵园店),D8A70E1E14C95F65D522A36FD7F4DBDB,光华口腔,0.00,0.00,7,5
赛百味(烈士陵园店),39EB85924CE4284693746DB1B84D3118,三联通讯(陵园西一店),0.00,0.00,0,0
赛百味(烈士陵园店),4BCC3D8EDDE1A8A3B7257E04A866487C,中兴通讯客户服务中心,0.00,0.00,1,1
赛百味(烈士陵园店),52BFE105D059F8,福建沙县小吃(建设大马路店),0.00,0.00,1,1
赛百味(烈士陵园店),FCA16B99CD393C17,东风大酒店,0.00,0.00,16,15
赛百味(烈士陵园店),821433E8956EC474,常来饭店(陵园店),0.33,0.33,153,132
赛百味(烈士陵园店),E593E0B073DCFBEE,北京南明记牛腩粉,0.33,0.33,89,47
赛百味(烈士陵园店),C2957D94FF2426766FD899D9E5560A32,大碗粉,0.00,0.00,5,5
赛百味(烈士陵园店),A6A16FA973E6C655FDFEAF82FADED4FC,江南西,0.00,0.00,2,2
赛百味(烈士陵园店),B1E88D9322678023050F4B57968F8ACA,VERO MODA,0.00,0.00,3,2
赛百味(烈士陵园店),315FBAE5F377CEA258DBE6418879DD4B,3g门户,0.00,0.00,21,14
赛百味(烈士陵园店),46901150A15BFC08,中华广场电影城,6.00,5.67,1342,807
赛百味(烈士陵园店),433E2611A36B1E1F632093751F23B82C,Levi's(中华广场富一城店),0.00,0.00,1101,796
赛百味(烈士陵园店),92A9CB3D6A9C00,[活动] 活力无限 - 百威粤有礼越干杯,0.00,0.00,50,45
赛百味(烈士陵园店),B60BDDAAA3A9C9,活力无限量贩式KTV,1.67,1.67,305,210
赛百味(烈士陵园店),17203260276349680193,中华百货,1.00,1.00,291,202
赛百味(烈士陵园店),E2A2D13556280E41,一方电信(中华广场二店),0.00,0.00,0,0
赛百味(烈士陵园店),BDDA5B412A6EA3DB4A98F1A945405DE1,ESPRIT中華廣場,0.00,0.00,5,5
赛百味(烈士陵园店),005830F89B53E2892123FB3DF6952638,六福珠宝,0.00,0.00,2,2
赛百味(烈士陵园店),A5416F0A5F36B0AF80CDEA8D515FAA5A,潘朵拉·城市行動咖啡店(中華廣場店),0.00,0.00,41,29
赛百味(烈士陵园店),01FB1EDDD795C268,法藤健康用品(中华广场店),0.00,0.00,1,1
赛百味(烈士陵园店),30744B3B18BA0A19,Vertical Club,0.00,0.00,1,1
赛百味(烈士陵园店),4BB47D6C47D4D4A0,凤凰咖啡厅,0.00,0.00,1,1
赛百味(烈士陵园店),B19C2DE1A91B9163,JACK&JONES(中华广场店),0.00,0.00,4,4
赛百味(烈士陵园店),53800ED0D737BAA6,TOUGH(中华广场店),0.00,0.00,15,14
赛百味(烈士陵园店),81EC814A8C8ED07B,绣趣居,0.00,0.00,0,0
赛百味(烈士陵园店),3F5DB96F8C3D16E1,大洋文化(中华广场店),0.00,0.00,8,2
赛百味(烈士陵园店),D9488E81A0E2FA7C,美珍香(中华广场店),0.00,0.00,3,3
赛百味(烈士陵园店),04E0F26448492026,IPOP,0.00,0.00,0,0
赛百味(烈士陵园店),33550830580CDED1,耶单十字绣,0.00,0.00,0,0
赛百味(烈士陵园店),853329E5A4717F19,KS十字绣,0.00,0.00,1,1
赛百味(烈士陵园店),00EF410C6844F3B3,雅马哈,0.00,0.00,6,5
赛百味(烈士陵园店),A8C33B20AC1FCF22,仙踪林(中华广场店),5.33,5.00,908,752
赛百味(烈士陵园店),AA2AB5B55027D6CE,迪信通电讯(中华广场店),0.00,0.00,1,1
赛百味(烈士陵园店),A9AD6EA7DB04356A,尚美生活馆(富一城店),0.00,0.00,0,0
赛百味(烈士陵园店),BAE58A3EDFDBC7AB,Chacha新派茶餐厅,0.00,0.00,1,1
赛百味(烈士陵园店),FD3CC322DEC3FCD6,莲香楼饼屋(中山三路店),0.00,0.00,3,3
赛百味(烈士陵园店),B908031702C7DDE3,i.Cyebr通讯,0.00,0.00,1,1
赛百味(烈士陵园店),DD146AC29565A6A9,眼镜88(中华广场店),0.00,0.00,8,8
赛百味(烈士陵园店),308349907DC2658B,达芙妮(中华广场店),0.00,0.00,0,0
赛百味(烈士陵园店),AC44871C4363DDFE,光头佬饺子皇(中华广场吉之岛店),0.00,0.00,0,0
赛百味(烈士陵园店),0D85B2DEF84CCA43,DHC(中华店),0.00,0.00,5,5
赛百味(烈士陵园店),4899501A408A4A27,IWODE(中华广场店),0.00,0.00,5,5
赛百味(烈士陵园店),AF97A664DC1C9C6F,飞鸿移动,0.00,0.00,18,16
赛百味(烈士陵园店),8D5EA95885A7335F,麦当劳(中华广场店),0.00,0.00,229,188
赛百味(烈士陵园店),67D46C336CCCE63A,3G手机专卖店(中华形象店),0.00,0.00,8,5
赛百味(烈士陵园店),6A02C4F6204B4775,KISS CAT(中华广场店),0.00,0.00,6,6
赛百味(烈士陵园店),67E56A7408F71358,ihana,0.00,0.00,7,7
赛百味(烈士陵园店),900C179126BCBE,活力520,0.00,0.00,2,2
赛百味(烈士陵园店),25ECCCBAB53B9E90,一味来(中华广场店),0.00,0.00,0,0
赛百味(烈士陵园店),7CDAB5E03A0923E4,L2银饰专卖店,0.00,0.00,0,0
赛百味(烈士陵园店),A96EA96E0E365D,魅族广州中华广场四楼认证店1,0.00,0.00,3,3
赛百味(烈士陵园店),70255DA8065A38539ABBB7354F56397A,PUMA(中华广场店),0.00,0.00,23,19
赛百味(烈士陵园店),EE90F8FADD2D21F541E8D14CE1CD5D80,Black Sanse(中华广场店),0.00,0.00,1007,549
赛百味(烈士陵园店),9695BE02385075191A61CF89F5CEB011,匡威(天娱广场店),0.00,0.00,13,12
赛百味(烈士陵园店),E8BFE58939C584E29FC9E4E32FB4D149,百佳超市,0.00,0.00,2,2
赛百味(烈士陵园店),AAD7818FCB1FF7,塔罗天地,0.00,0.00,2,2
赛百味(烈士陵园店),A17F81BA6B90F52EBB431C19BB264457,星巴克 STARBUCKS (中华广场店),3.00,2.33,1832,776
赛百味(烈士陵园店),2531F2A87E54934D3C745B5741C60B6E,ELAND（天河城店）,0.00,0.00,3,2
赛百味(烈士陵园店),76E5EAB21D961FD0BC777987189E59B2,TASTE中华广场店,1.67,1.67,606,406
赛百味(烈士陵园店),23F4BED294D39B32DC79E3F1E75D5D55,丝芙兰(中华广场店),0.00,0.00,6,5
赛百味(烈士陵园店),A242633CDE3D8F061335861353EE4A07,笑味轩,0.00,0.00,4,3
赛百味(烈士陵园店),ED076E3A61B0E26B,吉田耀司(流行前线店),0.00,0.00,0,0
赛百味(烈士陵园店),A29C3F42F0F14A3E,尼玛阳光(中山三路店),0.00,0.00,0,0
赛百味(烈士陵园店),6966CD889C9E6D8E,琦琦化妆品,0.00,0.00,0,0
赛百味(烈士陵园店),F9E98A4562B6B948,崎尔奈儿,0.00,0.00,0,0
赛百味(烈士陵园店),573E439E0166A9F2,丽婷专业美甲,0.00,0.00,0,0
赛百味(烈士陵园店),41DF385537EAC1D2,卡卡松桌面游戏吧,0.00,0.00,0,0
赛百味(烈士陵园店),35D9DB174B6D020F,华英雄,0.00,0.00,3,3
赛百味(烈士陵园店),89D3D818FD77485B,麦当劳甜品站(中华广场店),0.00,0.00,0,0
赛百味(烈士陵园店),6CBDBD47F536CA41,CnE(中华广场店),0.00,0.00,2,2
赛百味(烈士陵园店),E61D5B32058A5330B6F3DF72D08BE155,马路西餐,0.00,0.00,17,12
赛百味(烈士陵园店),F07A252BF69961,SOSOCLUB,0.00,0.00,1,1
赛百味(烈士陵园店),75860EC0D371A3D71B8C04BF98AC329F,THE SHOES BAR(流行前线店),0.00,0.00,81,69
赛百味(烈士陵园店),F5C6AF1AB87DA10C05697DED3BEC53D8,甜蜜幻想,0.67,0.67,78,52
赛百味(烈士陵园店),9344C91CF0AA9641AA470B74DAD6BA16,SOCCER TEE,0.00,0.00,14,12
赛百味(烈士陵园店),6310723CCC5691F2,秋烧小吃店,0.00,0.00,2,2
赛百味(烈士陵园店),F5B0501934BDA013,Rosebush,0.00,0.00,0,0
赛百味(烈士陵园店),B67862B6908CACC53F1178296D4FC542,Share Cafe,3.67,3.33,280,207
赛百味(烈士陵园店),D2CB746BF2EFE03A,江湖新概念烤肉(较场西路店),0.67,0.67,76,67
赛百味(烈士陵园店),84C76682424156AB,仙踪林(地王广场店),0.67,0.67,326,279
赛百味(烈士陵园店),620E3EC5852415F1859DD503C7C3D963,地王广场日本冷面店,0.00,0.00,7,5
赛百味(烈士陵园店),D5333ECFE2625B9E,3G手机专卖店(地王形象店),0.00,0.00,2,2
赛百味(烈士陵园店),EF4F7A33E070A9AC,赵阳电玩(地王广场店),0.00,0.00,0,0
赛百味(烈士陵园店),217167A92C74733B,广之旅国际旅行社(中华广场营业部),0.00,0.00,1,1
赛百味(烈士陵园店),25219F5F59F533A2,东华西福记烧蚝,0.00,0.00,1,1
赛百味(烈士陵园店),F0DB0F0E07F31E80,金至尊(中华广场店),0.00,0.00,0,0
赛百味(烈士陵园店),5C9CB91280069651,新泰洋美食广场,0.00,0.00,33,28
赛百味(烈士陵园店),C499F4D710F5E72E,Calvin Klein Jeans(广州中华店),0.00,0.00,3,3
赛百味(烈士陵园店),DD7A8FBCD385C64B,大家乐餐厅(中华广场店),0.00,0.00,342,263
赛百味(烈士陵园店),38C240B3F7AEF573,味千拉面(中华广场店),0.00,0.00,235,203
赛百味(烈士陵园店),6D8D53499CD2F607,绿茵阁(中华广场店),0.33,0.33,163,137
赛百味(烈士陵园店),F826532651186B49,4701HairClub,0.00,0.00,27,17
赛百味(烈士陵园店),CACA4E4C08BBDB69,玛花纤体(中华广场店),0.00,0.00,6,1
赛百味(烈士陵园店),B6F635ECFF4CB3D0,Five Plus(中华广场店),0.00,0.00,2,2
赛百味(烈士陵园店),25E92BF759D81B42,迪士尼专卖店,0.00,0.00,3,3
赛百味(烈士陵园店),C09CDA217B472056,百佳超市(中华广场店),0.00,0.00,23,21
赛百味(烈士陵园店),C8E3A6FAB3247277,Banana Baby,0.00,0.00,0,0
赛百味(烈士陵园店),A2FD6E3C64AEADB4,乐扣乐扣,0.00,0.00,0,0
赛百味(烈士陵园店),520DA4BD3131C7E9,岭南真味风味沙河粉(中华广场店),0.00,0.00,4,4
赛百味(烈士陵园店),823C11BBDA5F1597,卓奇诺,0.00,0.00,0,0
赛百味(烈士陵园店),D6C6460008BA16C7,香檀咖啡西餐厅,0.00,0.00,0,0
赛百味(烈士陵园店),484210DA96CCD0D9,嚤啰嚓,0.00,0.00,0,0
赛百味(烈士陵园店),2488308CAEA76034,永恒工艺,0.00,0.00,0,0
赛百味(烈士陵园店),D0621D8DA603D376,菲越新马泰,0.00,0.00,46,43
赛百味(烈士陵园店),8C2235BB77AF773F,易朗数码租赁,0.00,0.00,0,0
赛百味(烈士陵园店),568E1B2B513B69,三星大型体验店,0.00,0.00,1,1
赛百味(烈士陵园店),8049B4F9058A0626,爬山虎户外旅游用品店(较场西店),0.00,0.00,5,4
赛百味(烈士陵园店),B1BDBC180941C860,首饰制作吧(地王店),0.00,0.00,0,0
赛百味(烈士陵园店),E9B69AFB7CDECC475CAEB046976B4686,思蜜濃情港式飲品店,0.00,0.00,1,1
赛百味(烈士陵园店),9CCAF054F3877BEEE0B8BFC8F5CBD5AA,FIV5-S,0.00,0.00,67,54
赛百味(烈士陵园店),57DD86853F5CFD,摩羯座Capricorn,0.33,0.33,18,16
赛百味(烈士陵园店),0D98BFE57C8965,卡啡客 THE COFFEE CLUB (地王广场店),1.33,1.00,29,14
赛百味(烈士陵园店),F47A5102CB4DC9,龙猫宠物,0.00,0.00,1,1
赛百味(烈士陵园店),F7A31C273A1B8D17,FDA欢乐自驾游学院,0.00,0.00,6,5
赛百味(烈士陵园店),615675666EE54923,礼燕燕窝虫草专门店(中华广场店),0.00,0.00,0,0
赛百味(烈士陵园店),09DFBF3F1C645C1F,星奇异水果厨房(地王广场店),0.00,0.00,1,1
赛百味(烈士陵园店),D0726474B651D075,名镜廊(地王店),0.00,0.00,0,0
赛百味(烈士陵园店),5D3A92C6559951AF,名店,0.00,0.00,1,1
赛百味(烈士陵园店),4403305215644C99BC0518EB3523162E,Converse(中华广场富一城店),0.00,0.00,1,1
赛百味(烈士陵园店),5B56B8538EB0F4F8AA4BD6537B04BE60,Converse(中华广场鞋店),0.00,0.00,2,2
赛百味(烈士陵园店),508AF7315EF00618,茗艺园,0.00,0.00,0,0
赛百味(烈士陵园店),F3837BAC0B2B44EA,中华现代家居,0.00,0.00,1,1
赛百味(烈士陵园店),66BF1EB9388201,私语隧道〔地王广场〕,0.33,0.33,1,1
赛百味(烈士陵园店),F4D0163A9DA8C738,多营餐厅,0.00,0.00,1,1
赛百味(烈士陵园店),620DCB8C675D1789,眼镜直通车超市(地王店),0.00,0.00,4,4
赛百味(烈士陵园店),55C3246F0AD6CA,寿司皇(中华广场店),1.00,1.00,19,17
赛百味(烈士陵园店),BD584C8A2BBC7D676A1CDCA259242C6D,乐宇通讯(中华广场店),0.00,0.00,0,0
赛百味(烈士陵园店),35F48F01466E72,爱盛arcs,0.67,0.67,4,4
赛百味(烈士陵园店),F033FBB2C9C81BB07DEA4D362D1FABFF,Nike(中华广场富一城店),1.00,1.00,299,216
赛百味(烈士陵园店),03A5F781736215A5B472CE660F11B21C,JUSco吉之岛,0.00,0.00,12,12
赛百味(烈士陵园店),8B45BFB236E4ED383A960F39EA6BEE64,阿迪达斯(中华广场富一城店),0.00,0.00,7,7
赛百味(烈士陵园店),F8421921E66E6B2701719AA4D102BFBC,Onitsuka Tiger(中华广场富一城店),0.00,0.00,31,31
赛百味(烈士陵园店),EB74D36DCFDA4B7DDBE67F6F7EE24340,Adidas neo(中华广场富一城店),0.00,0.00,5,5
赛百味(烈士陵园店),4D4F4FA62AD0B245,Guess(富一城店),0.00,0.00,1,1
赛百味(烈士陵园店),AB599D8D5E19C9B7AB1822B7F7320EFA,Nike classic(中华广场富一城店),0.00,0.00,8,6
赛百味(烈士陵园店),A154C485170D742D153A81A7C87ADC26,FX(中华广场富一城店),0.00,0.00,3,3
赛百味(烈士陵园店),90A0FF44E1E97A852BCD62530DA83306,Lee(中华广场富一城店),0.00,0.00,4,2
赛百味(烈士陵园店),B22826CE20D9685134CF6115910FADD6,Onitsuka(中华广场富一城店),0.00,0.00,1,1
赛百味(烈士陵园店),CA790AFEE08B0002AAFAED6405C637EF,Edwin(中华广场富一城店),0.00,0.00,13,7
赛百味(烈士陵园店),5A47B7B0BCB0EB166F3DDAF3A7C99354,vans(中华广场富一城店),0.00,0.00,9,9
赛百味(烈士陵园店),8F281FB178DA7F449E5D6343E4C70636,广州电信较场西营业厅,0.00,0.00,24,22
赛百味(烈士陵园店),8CA38E88D9CA52050906D9226955D0E2,麦当劳较场西店,0.00,0.00,41,27
赛百味(烈士陵园店),4B6AF7D4848E19,摩羯座法式烘焙 Capricorn (中华广场店),0.00,0.00,0,0
赛百味(烈士陵园店),82F9959599E968,藤美甲,0.00,0.00,4,1
赛百味(烈士陵园店),0FDF304816C89F35,Jelly Belly(中华广场店),0.00,0.00,2,2
赛百味(烈士陵园店),82C0FEEAD11C45B5,美心西饼(中华广场店),0.00,0.00,15,14
赛百味(烈士陵园店),42B3B5F700849A1B,友和相扑拉面(中华广场店),0.00,0.00,75,60
赛百味(烈士陵园店),83B7D160F9C39D87464F1A0839717D6C,Blasippa(中华广场富一城店),0.00,0.00,30,27
赛百味(烈士陵园店),540F831AB01A4FCDC3403D05526E8C50,泰元素,0.00,0.00,71,61
赛百味(烈士陵园店),8A53B85CD2A22859666DC24075A6E6A5,匡威(中华广场FF店),0.00,0.00,1,1
赛百味(烈士陵园店),76705D7C4F2D0BA08A0DC0B924877F5B,2%,0.00,0.00,2,2
赛百味(烈士陵园店),2C4325D3C4CBB472C5A6FD1C69D930F5,2％,0.00,0.00,2,2
赛百味(烈士陵园店),2C6A8E3E6C7CC8119A0C133327F46568,大天行中华店,0.00,0.00,7,3
赛百味(烈士陵园店),A3F5DBE4DB4AB913D3ED0504963AD1F7,Lacoste(中华广场富一城店),0.00,0.00,3,3
赛百味(烈士陵园店),3A95FF27678027DDF4050C929C56411F,Crocs(中华广场富一城店),0.00,0.00,4,4
赛百味(烈士陵园店),7D0D23EA3E076A,豚一拉面,3.00,3.00,14,14
赛百味(烈士陵园店),16174651019754391912,中华国际中心,2.00,2.00,706,166
赛百味(烈士陵园店),521773D926E1AF,華星冰室,0.00,0.00,12,11
赛百味(烈士陵园店),CCAEFF6CCDFBF1E27D264579CB877427,Wrangler(中华广场富一城店),0.00,0.00,4,3
赛百味(烈士陵园店),D30242E79FF63C6193042E8CFDB4705C,kj04(中华广场富一城店),0.00,0.00,3,3
赛百味(烈士陵园店),600E47BE984E5495,香锅里辣,0.00,0.00,39,35
赛百味(烈士陵园店),1FF5C7C73550BA44,牛亭烧肉(中华广场店),0.33,0.33,113,92
赛百味(烈士陵园店),245ECD4C12FA9E40,万岁龙虾主题餐厅(中华广场店),0.67,0.67,124,103
赛百味(烈士陵园店),9104B77F3DCF8A86,奈梵斯健品,0.00,0.00,0,0
赛百味(烈士陵园店),28D6CB4673768A0C,emoi,0.00,0.00,3,3
赛百味(烈士陵园店),0EEF414B916D3885,中华发哲,0.00,0.00,0,0
赛百味(烈士陵园店),86A7C4700D303B52,HONEY B(中华广场店),0.00,0.00,5,5
赛百味(烈士陵园店),7DE09BDF31EDD2,东品西尝清真餐厅,0.67,0.67,2,2
赛百味(烈士陵园店),396BAEFDD2BBCCF72BD668FD649DEB06,澳嘉国际娱乐,0.00,0.00,13,2
赛百味(烈士陵园店),AA7F236A789709,Hero Skate Shop,0.33,0.33,54,31
赛百味(烈士陵园店),81B236AC0D317404,Rose Bush,0.00,0.00,1,1
赛百味(烈士陵园店),EDCB6AE0F0F1A614,The Bear Tea Shop,0.00,0.00,6,3
赛百味(烈士陵园店),A864672BBBADCDFC,小熊茶馆,0.00,0.00,2,1
赛百味(烈士陵园店),B95E41B41C6E95FD,西游记,0.00,0.00,60,43
赛百味(烈士陵园店),52F601D23E3C7CBA,爬山虎户外旅游用品店(较场东店),0.00,0.00,5,5
赛百味(烈士陵园店),A6ECC0AB1C4749765966AF5EB6EFC0A7,肯德基 KFC (石牌西店),0.00,0.00,10,9
赛百味(烈士陵园店),FED898A2ADC0D5,拱北口岸,0.33,0.33,9,7
赛百味(烈士陵园店),D727AA3C7D804049AAC50BFB66C7D85D,广东省省人民医院,0.00,0.00,5,4
赛百味(烈士陵园店),524C236C97A611A0,茶天使(地王总店),0.00,0.00,3,2
赛百味(烈士陵园店),BECF0DDB21D473,金宝贝中华广场中心,0.00,0.00,33,2
赛百味(烈士陵园店),D1AE072AA7ED5435,欧巴勒体育用品,0.00,0.00,0,0
赛百味(烈士陵园店),C15A6F80DD10AEBB,盈泽苑停车场,0.00,0.00,5,5
赛百味(烈士陵园店),C9FBC25FE2DF7BF8B72B193AE1920494,Kapok,0.33,0.33,11,7
赛百味(烈士陵园店),42E9B82426432932,春之花(地王广场店),0.00,0.00,26,20
赛百味(烈士陵园店),F802C706D939DE21,Magic Box桌游吧,0.00,0.00,66,54
赛百味(烈士陵园店),F778ACC79ADE8D5D,台北天母甜甜圈专卖店(地王广场店),0.33,0.33,15,14
赛百味(烈士陵园店),4A4333EFFD40639F,3G手机专卖店(地王广场店),0.00,0.00,3,2
赛百味(烈士陵园店),5E30FC6392C8868786FC2759B60535E1,SushiOnly 迷鲤寿司店,5.67,3.00,525,275
赛百味(烈士陵园店),CC149DE0395E8C9A,伟静美容院,0.00,0.00,0,0
赛百味(烈士陵园店),44B8D76A64F1CEF3,地王广场,4.00,3.67,2250,1595
赛百味(烈士陵园店),B60336B8C83EC0,[活动] 地王广场 - YoungD 给我‘Five’乐声音,0.00,0.00,3493,1812
赛百味(烈士陵园店),FCA55C0F1465F2CC,麦德龙,0.00,0.00,2,2
赛百味(烈士陵园店),B0EC0AA75E106E,勋记大排档,0.00,0.00,1,1
赛百味(烈士陵园店),59B0018DD541F4,3DJP拼图专卖店,0.00,0.00,25,25
赛百味(烈士陵园店),FA3F921A1E1372,DEPOT3(地王广场店),0.00,0.00,19,18
赛百味(烈士陵园店),E3052AF6A908A6,MCJH&TWJ MIKE DESIGNS,0.00,0.00,9,7
赛百味(烈士陵园店),8B477B867E3A48,Becoming(地王廣場),0.00,0.00,3,1
赛百味(烈士陵园店),05C547A12FFB27C28790487CF5005391,Bayki Nail,0.00,0.00,6,2
赛百味(烈士陵园店),5D0E4C5593F2FC,6045酒吧,0.00,0.00,1,1
赛百味(烈士陵园店),FA3629889EC7A7BD20EFE9BDAF53A139,西游记,0.00,0.00,2,2
赛百味(烈士陵园店),EB047296A92BA5,热亚比萨(地王广场店),0.00,0.00,3,3
赛百味(烈士陵园店),78C6EBC43FDEBE8722FBE3097C36556D,6054,0.00,0.00,6,5
赛百味(烈士陵园店),7DDF379F86F208C93DDCDF26052991B9,Jokester(地王广场店),0.33,0.33,12,10
赛百味(烈士陵园店),60BE8BF411EB274C9BF608130E1C8458,aimee maker(地王店）,0.00,0.00,683,383
赛百味(烈士陵园店),5A3D90DDA8F3A4,風車,0.00,0.00,1,1
赛百味(烈士陵园店),49D0311ECD1BFF,GO'S,0.00,0.00,14,12
赛百味(烈士陵园店),46CAE557D26CB577,D House,0.00,0.00,4,4
赛百味(烈士陵园店),45A2A69BC7EEEB1F,聚点造型美甲店,0.00,0.00,1,1
赛百味(烈士陵园店),72B57F212D18E6,夏威夷捕鱼场,0.00,0.00,1,1
赛百味(烈士陵园店),C3F721A60829D0,公交车(92路),0.00,0.00,1,1
赛百味(烈士陵园店),0C1B6C53206633AB,中唱环球(岭南美术城店),0.00,0.00,1,1
赛百味(烈士陵园店),FBBAA0FA5C7C73,萨利亚意式餐厅,0.00,0.00,2,2
赛百味(烈士陵园店),05A2A614504C6A54,今生有约(较场店),0.00,0.00,2,2
赛百味(烈士陵园店),33AE4FC1A5DEF8DD3B92E475F65A7F5E,ZT BIKES,0.00,0.00,5,4
赛百味(烈士陵园店),525007689C77B7A7,欧泰精品,0.00,0.00,2,2
赛百味(烈士陵园店),014E14347BADDE27,TY烘焙厨房,0.00,0.00,1,1
赛百味(烈士陵园店),85F0EF6140DC258B36E31CDAF813D9A5,学而思广州烈士陵园教学点,0.00,0.00,3,2
赛百味(烈士陵园店),1AB1A27556D30D67,吉田耀司(地王店),0.00,0.00,2,2
赛百味(烈士陵园店),632070691BA48129,橙机构时尚发型(地王广场店),0.00,0.00,4,4
赛百味(烈士陵园店),BED255BE507C97,Natural Creations Salon,0.00,0.00,23,17
赛百味(烈士陵园店),0BDF7B93D7A573B7,Ctrl桌游咖啡吧,0.00,0.00,23,17
赛百味(烈士陵园店),B3A3ED0A0AB7570B5FED3E3CE4E8EB1E,盈泽苑,0.00,0.00,57,5
赛百味(烈士陵园店),4DD278140EF2A2D5C97E809AEFE833BF,新东方较场东校区,0.00,0.00,25,11
赛百味(烈士陵园店),21D152306634932C,27楼E座,0.00,0.00,0,0
赛百味(烈士陵园店),9D0CA0759D98E69B36B9E1060E68F3D3,嘻哈宠物店,0.00,0.00,1,1
赛百味(烈士陵园店),3BD15FC37886150630FD265FD6A4CFB8,海天堂(东华西),0.00,0.00,8,8
赛百味(烈士陵园店),D8F6B8CCA57454AA,Arsene Soccer Bar  云嘉足球吧,0.00,0.00,144,87
赛百味(烈士陵园店),E5367B05923D35AEC9E12CF69098D32B,乐Club桌游吧,0.33,0.33,186,139
赛百味(烈士陵园店),0C7F35742D2E7070549A2D44924ABFF5,较场东路 2012 BAR,0.00,0.00,4,3
赛百味(烈士陵园店),9FF7B85CD6EBD1B8FEFC94B47FAE1276,嘻哈宠物店,0.00,0.00,1,1
赛百味(烈士陵园店),59261F0EEDB58C6C71380BBED7AEFF5A,卡朋西餐(较场西路店),2.00,1.67,293,208
赛百味(烈士陵园店),ED28E6890B7787,第一纹身,0.00,0.00,1,1
赛百味(烈士陵园店),897B0CDE3C9A33,蔓芭,0.00,0.00,1,1
赛百味(烈士陵园店),697616CCA564F40257F588477A5CC080,man bar union club,0.00,0.00,74,36
赛百味(烈士陵园店),51DA76183D9F04F88DD8CBD7B6153849,番禺,0.00,0.00,1,1
赛百味(烈士陵园店),A40CA33E99000193,鲜の度,0.00,0.00,0,0
赛百味(烈士陵园店),86408DF44A936E34,中华广场,11.33,8.33,2823,1835
赛百味(烈士陵园店),3DEC4102B168DAB3C895FD87EF12E6CF,越秀区民政局婚姻登记处,0.00,0.00,14,12
赛百味(烈士陵园店),6545A226319E655C,春之花,0.00,0.00,5,5
赛百味(烈士陵园店),675F949F3ED1ABD4C848A1F7190AB542,Magic Box,0.00,0.00,1,1
赛百味(烈士陵园店),7BA1D05E13644FBB,竹园湘菜馆,0.00,0.00,0,0
赛百味(烈士陵园店),513D220288C421D76C8A5B6865B2B068,Amor,0.00,0.00,2,2
赛百味(烈士陵园店),68A77B02EBF739E67B7B555F13BE321B,肯德基 KFC (地王广场店),0.33,0.33,109,94
赛百味(烈士陵园店),3E080F58CE1CE9F6F0E479940C4F1569,中国电信(较场西客户服务中心),0.00,0.00,21,14
赛百味(烈士陵园店),AC978ADBA8EC0B,龟正宗,0.00,0.00,1,1
赛百味(烈士陵园店),424B2D4A4B42FA,美素美容纤体中心(较场东店),0.00,0.00,1,1
赛百味(烈士陵园店),496B385F93C86811,番薯屋,0.00,0.00,0,0
赛百味(烈士陵园店),D0579A66572AA72A,化隆牛肉面,0.00,0.00,0,0
赛百味(烈士陵园店),F60CCB30FF286C40DFA6427F0283E6E8,echo,0.00,0.00,1,1
赛百味(烈士陵园店),81975F79D6A4FE46DD0FF844549CCAD3,bEnsHoP建设六马路总店,0.00,0.00,120,102
赛百味(烈士陵园店),2448F323F92C8B23207722F24DEC3332,Noisy(建设六店),0.33,0.33,1452,916
赛百味(烈士陵园店),22026C6B5C708CB6,第一面(建设六马路店),0.67,0.33,40,33
赛百味(烈士陵园店),6BDD2B1AAF6BFAE8C84B9C50E035BC0A,马路西餐,0.00,0.00,27,26
赛百味(烈士陵园店),5428F5E2E63CB490,植树公园,0.00,0.00,6,6
赛百味(烈士陵园店),3A60574E78D6B5,公交车(100路),0.00,0.00,1,1
赛百味(烈士陵园店),2C6E634A022024,广州市第三十七中学,0.00,0.00,2,2
赛百味(烈士陵园店),BED7144AB86A68,金力高,0.00,0.00,1,1
赛百味(烈士陵园店),CEFB77086F1E2C66633164FD16FCCA46,广东省广州市天河区银利街,0.00,0.00,1,1
赛百味(烈士陵园店),07B1E54395FA7183,唐会中国料理,0.00,0.00,10,7
赛百味(烈士陵园店),0AEC5A22F3F4BD,唐恩都乐-中环广场店,0.00,0.00,5,5
赛百味(烈士陵园店),041EE68586F870B5,西部假期,0.00,0.00,0,0
赛百味(烈士陵园店),19FB067012561DF382C6A224C846CC15,金牌小笼,0.00,0.00,17,13
赛百味(烈士陵园店),1FB44CC8444A56,禄鼎记,2.00,1.67,50,40
赛百味(烈士陵园店),74E7F470402223,FG fine foods(建六店),0.00,0.00,1,1
赛百味(烈士陵园店),6FA987C618F1F9526A56E62F57E9731F,月影法式铁板烧,0.00,0.00,55,48
赛百味(烈士陵园店),C2B6C10430E0B9,Le Saint Tropez,0.00,0.00,6,5
赛百味(烈士陵园店),5A50CA3CBB2EE34602FF38B8058081C6,月影法式铁板烧烤,0.00,0.00,9,9
赛百味(烈士陵园店),F2CB8F82E31D19,blue house,0.00,0.00,2,1
赛百味(烈士陵园店),E344622313DB6E,The Brew(建设六马路店),0.00,0.00,1,1
赛百味(烈士陵园店),91B51F301D4F02D8E0D321D908FEC798,建设六马路一号,0.00,0.00,1,1
赛百味(烈士陵园店),972238872D016C43CD8099A190C7511F,禧爱甜品面包 Chéris Ptisse,2.33,2.33,329,242
赛百味(烈士陵园店),B4B0F0A79A50F718BC5228A1A2B320E1,加多加多印尼餐厅,0.00,0.00,7,7
赛百味(烈士陵园店),56EA66046B85AE32E9B4F55D97835731,DABOMB STORE,0.00,0.00,249,204
赛百味(烈士陵园店),DACB4EFE955A2935FED3A7BA7639E5E5,uncle茶餐厅,0.00,0.00,4,4
赛百味(烈士陵园店),969E39DE68F1755847AACD0FEE3EFFEA,诺基亚授权专卖店(中华广场店),0.00,0.00,359,263
赛百味(烈士陵园店),F34852BB47540F9421E85DAD7B7AB403,芭堤,0.00,0.00,0,0
赛百味(烈士陵园店),541B2467D85AC259,壹号通电讯(中华广场店),0.00,0.00,1,1
赛百味(烈士陵园店),320EC73BA2A51327963B9BD911F93AA8,中华广场友和寿司,0.00,0.00,10,10
赛百味(烈士陵园店),E8839F634FEDB5F24D0F07D53E6D11E0,苏宁电器(中华广场店),0.33,0.33,217,198
赛百味(烈士陵园店),7F794BBBE7995FE42B32B66921630D9C,广信(中华店),0.00,0.00,1,1
赛百味(烈士陵园店),769CE842FD398A05F7DAF62707ABC540,三联通讯(中华广场F5店),0.00,0.00,0,0
赛百味(烈士陵园店),7408D1D1B621CADD,骏和通信(中华广场店),0.00,0.00,3,3
赛百味(烈士陵园店),D079FF9250DA6F65,协亨(中华店),0.00,0.00,2,2
赛百味(烈士陵园店),4E970D74F406A726A94A412CCD74E34E,原色售后中心,0.00,0.00,1,1
赛百味(烈士陵园店),A113CB94D2F07EACB291BEF9650654C2,H&M(中华广场店),2.00,1.67,720,540
赛百味(烈士陵园店),4F4DEDBCBC046198,三联通讯(中华广场D2店),0.00,0.00,0,0
赛百味(烈士陵园店),CDCA2DF4568B37,李宁(中华广场百货店),0.00,0.00,77,53
赛百味(烈士陵园店),5D1B1B1CBBF18325,台湾法颂,0.00,0.00,0,0
赛百味(烈士陵园店),6372B6C067B3366A,新泰洋涮涮锅,0.00,0.00,15,14
赛百味(烈士陵园店),90646EA57633D334C76C2CC9BF13462C,中华广场猫屎咖啡,0.33,0.33,91,59
赛百味(烈士陵园店),D1A075E6609608AF5AE52C01357BC62C,奇兵游乐园(中华广场),0.00,0.00,3,2
赛百味(烈士陵园店),9ABD66C3D094596D,屈臣氏(中华广场店),0.00,0.00,245,208
赛百味(烈士陵园店),45D9E158A11A0C51DC325FC29D8A9841,Ｆｒｕｉｔｙ  Ｍｉｘ,0.00,0.00,3,1
赛百味(烈士陵园店),3433EC28D25EE505,和民居食屋(中华广场店),2.67,2.67,592,397
赛百味(烈士陵园店),6C6F19D0FC54D6CF,泰然居韩国冷面专门店,0.00,0.00,79,44
赛百味(烈士陵园店),445FFF924D08DCD95D68C39B1CB69F7A,笑味轩,0.00,0.00,5,5
赛百味(烈士陵园店),2559054E0F1A42,Nailpark,0.00,0.00,5,3
赛百味(烈士陵园店),578FF061C9E7F8410E52E7F6E572D5F1,3G门户,0.00,0.00,7,6
赛百味(烈士陵园店),F3AE298E93912CB671B17CA8D417219D,诺基亚授权专卖店(中华广场C7店),0.00,0.00,101,86
赛百味(烈士陵园店),35CDFC4735E69F,M Hair Salon,1.33,1.33,55,28
赛百味(烈士陵园店),80BCD910D75ECCB57B3C2B0A2F7877E1,城市英雄电玩俱乐部(中华广场店),0.33,0.33,103,77
赛百味(烈士陵园店),97387AB9C4E225DFE11D2FF4771387A8,中华国际中心A座,0.00,0.00,7,7
赛百味(烈士陵园店),99BB251FC31BACFE,华融宫酒家,0.33,0.33,153,112
赛百味(烈士陵园店),4527BCBA27DEA41F26D3F5DC7F169A16,YBOX(中华广场店),0.00,0.00,176,96
赛百味(烈士陵园店),EA8408B3491203B9A97AFFFC183815FC,友和寿司(中华广场店),0.33,0.33,150,107
赛百味(烈士陵园店),230D2FB5DA3636,DAISO大创生活馆(中华广场店店),0.67,0.67,97,82
赛百味(烈士陵园店),F4FE2D0E739D9C,华星冰室(中华广场店),0.33,0.33,30,26
赛百味(烈士陵园店),FE6C38E0B9808A6A,上本台湾涮涮锅(中华广场店),1.00,1.00,125,99
赛百味(烈士陵园店),4D8F200457D721E6D4342BCFE3E435E3,H&C Hair Salon (中华广场店),0.00,0.00,4,4
赛百味(烈士陵园店),9B612AB6243219DB74AFB768D40D63D8,烈士陵园公交车站,0.00,0.00,60,36
赛百味(烈士陵园店),C175800C0D604421F319260DEA62E1D9,尚道传播,0.00,0.00,2,1
赛百味(烈士陵园店),C338A46D21E0154743F0ADA0521E9A19,中华国际中心B座,1.33,0.67,77,41
赛百味(烈士陵园店),388ADB505E2BDB156ABC5EC7E74A39D1,3G.CN office,0.00,0.00,149,48
赛百味(烈士陵园店),026CF2594189571B01B6F96CD3943A4C,尚思广告传媒,0.00,0.00,3,2
赛百味(烈士陵园店),4044F2B3C25CA1,芭提雅东南亚料理,0.00,0.00,2,2
赛百味(烈士陵园店),147DCA97C0C32FA6EA66D2C5902BCFE2,Jiepang GZ Office,13.67,7.67,9333,3011
赛百味(烈士陵园店),D1D2CE70172364,火星,0.00,0.00,3,2
赛百味(烈士陵园店),3CE492782F6702993CD32F7886920B88,佛山全球通大厦,0.00,0.00,8,6
赛百味(烈士陵园店),F84940CBCA955300BCC280A7968DB045,蓝色光标,0.00,0.00,3,3
赛百味(烈士陵园店),551D7FBD01099F,富璟茶餐厅,1.00,1.00,23,21
赛百味(烈士陵园店),1F92DFC64CF9576760086DC68C78F50C,中華廣場SEPHORA,0.00,0.00,20,19
赛百味(烈士陵园店),18A015AEAFAA2A,maverick建筑设计顾问公司,0.00,0.00,2,1
赛百味(烈士陵园店),8A89947FE1CE49C19C9605F0D3A3B46C,祈福酒店,0.00,0.00,22,18
赛百味(烈士陵园店),97200B62DF8BB8F7484B4F261D124E22,新安大厦,0.00,0.00,12,5
赛百味(烈士陵园店),2C22C1AC30580C753D2EEAB12E110FAD,香湘木桶饭,0.00,0.00,2,2
赛百味(烈士陵园店),A181E43BEB6389039E27861689533C61,ITPOWER動能數碼,0.00,0.00,31,4
赛百味(烈士陵园店),E91AB2941E310B,做陈E吹神的荧光粉丝,0.00,0.00,0,0
赛百味(烈士陵园店),233EC59A135715,街旁广东(中华据点),0.67,0.67,3,3
赛百味(烈士陵园店),BEF510E29D361B,做陈E吹神的荧光粉丝,1.33,0.33,8,2
赛百味(烈士陵园店),86B35B7AAB629E,眼镜直通车超市,0.00,0.00,1,1
赛百味(烈士陵园店),405536C3F1ECF6,SO'OLK 中華廣場店,0.00,0.00,1,1
赛百味(烈士陵园店),A1095776B78D7FC2D7E80459919EDA39,kopiluwak coffee 猫屎咖啡,0.33,0.33,225,149
赛百味(烈士陵园店),04250DFB2751C682C6BF56889C3A1FAB,仙踪林,0.00,0.00,1,1
赛百味(烈士陵园店),19354F083F51466E0A7BDDAF042FB1FF,德利食杂店,0.00,0.00,1,1
赛百味(烈士陵园店),FBD509D2D393AB,中华广场火星荟,0.00,0.00,18,15
赛百味(烈士陵园店),5B37E9F0D0D488682E6ECD9E688E052A,表叔茶餐厅(中华广场店),2.67,2.67,817,510
赛百味(烈士陵园店),1CBADB0983F06B,mars,0.00,0.00,1,1
赛百味(烈士陵园店),8E758622684EFBC8750F42A31A8F30C9,兄弟小食店,0.00,0.00,1,1
赛百味(烈士陵园店),339920EDD86024DD6CB026E8784DB77C,Converse(中华百货鞋店),0.00,0.00,1,1
赛百味(烈士陵园店),0CE0160A9FAF70,地道奶茶(較場西店),0.00,0.00,9,6
赛百味(烈士陵园店),F667BF1B5120F7,久捷壽司專門店,0.00,0.00,11,8
赛百味(烈士陵园店),EEAA9BCFA022212B8240731DBF231ACD,麦当劳(流行前线),0.33,0.33,35,27
赛百味(烈士陵园店),5D8404136B728F3403366065F9C0E0FE,中華廣場力美健,1.33,0.67,76,10
赛百味(烈士陵园店),DA7E9367AC5F8307,广东省人民体育场,1.33,1.33,162,111
赛百味(烈士陵园店),14E95F0E2BB8E9F0,迅驰通信(地王广场店),0.33,0.33,1,1
赛百味(烈士陵园店),1CE677E59EB7B882,零食大王,0.00,0.00,1,1
赛百味(烈士陵园店),1422532D6623F16B,香水工坊,0.00,0.00,0,0
赛百味(烈士陵园店),DCEA3F7C6046AC07,甜滋珠,0.00,0.00,2,2
赛百味(烈士陵园店),73783902299A7058,萨伦冰淇淋(地王广场店),0.00,0.00,0,0
赛百味(烈士陵园店),7F85594425031DCF,大卡司(地王店),0.00,0.00,14,6
赛百味(烈士陵园店),D27F7066C9C3A243,原色通讯(地王广场一店),0.00,0.00,0,0
赛百味(烈士陵园店),33A29E59420D78A7,原色通讯(地王二店),0.00,0.00,0,0
赛百味(烈士陵园店),518A286488999C1A,元气日本捞捞小食,0.00,0.00,1,1
赛百味(烈士陵园店),D2D75684AB583136,幻想曲(地王广场店),0.00,0.00,0,0
赛百味(烈士陵园店),E964AF9D5B72A454,卡西欧(地王广场店),0.00,0.00,0,0
赛百味(烈士陵园店),99C1C8C0DEC0940C,ADOM 気持ち日本condom专营店,0.00,0.00,0,0
赛百味(烈士陵园店),61B2346FD4130EBD,极星户外,0.33,0.33,1,1
赛百味(烈士陵园店),1937968200104F25,原味桂林米粉,0.00,0.00,2,1
赛百味(烈士陵园店),2EA9DFF24EDF08DA22D295ECCEE2B8FF,OMC（原中四IOU）,0.00,0.00,27,12
赛百味(烈士陵园店),FA7C95F90DE53A66,横胜酒吧,0.00,0.00,0,0
赛百味(烈士陵园店),2F64CFB2A354D3F0,光大银行(较场西路支行),0.00,0.00,13,9
赛百味(烈士陵园店),1052495DE91C09B4,老字号桂林米粉,0.33,0.33,50,29
赛百味(烈士陵园店),1F10FE94CBB0E292,总鸵煮,0.00,0.00,0,0
赛百味(烈士陵园店),394C62EA69246BE2,莎莲奴,0.00,0.00,0,0
赛百味(烈士陵园店),EF2571B3DA7F6163,幻想曲(地王广场B3楼店),0.00,0.00,1,1
赛百味(烈士陵园店),F3CF3451101F800C,MIZU,0.00,0.00,0,0
赛百味(烈士陵园店),3CD102F1F698427E,ANGLE SALON,0.00,0.00,6,6
赛百味(烈士陵园店),45027FE3CD51C46B,LifeCycle(地王广场店),3.00,0.67,326,166
赛百味(烈士陵园店),380D3BBB3F3AC2D6C2A901A2E01AB001,表妹茶餐厅,0.00,0.00,167,121
赛百味(烈士陵园店),7C3ABC61582A79,建生桂林米粉店,0.00,0.00,1,1
赛百味(烈士陵园店),DB1DEA8335A3829B49F0F383DEF9CE2F,SSS,0.00,0.00,0,0
赛百味(烈士陵园店),F151B2A5B7006E5DF78232A51E8E1924,鞋吧(中山三路店),0.00,0.00,4,2
赛百味(烈士陵园店),A4B506A10FDB5185,熔岩户外旅游用品店,0.00,0.00,1,1
赛百味(烈士陵园店),9211573DD2DAFE,麥當勞較場西店,0.00,0.00,1,1
赛百味(烈士陵园店),187C760D9B7C4A9C,交通银行(东山支行),0.00,0.00,4,3
赛百味(烈士陵园店),D3907439122903,便所欢乐主题餐厅(地王广场店),1.00,1.00,126,110
赛百味(烈士陵园店),2870CE09E911D529D13938CD8267C01C,S135(地王店),0.67,0.67,1524,1172
赛百味(烈士陵园店),D8FFAF9732C11A,春之花(较场西路店),0.00,0.00,1,1
赛百味(烈士陵园店),48196EB20B9B99C527DFFD25C4B42C0D,较场西路站,0.33,0.33,18,15
赛百味(烈士陵园店),3FCBD090EA9A26A9,中图桌球城,0.00,0.00,2,2
赛百味(烈士陵园店),C1C8533AFCBBB4,BB-hair salon比贝迪发型设计中心(较场西店),0.00,0.00,0,0
赛百味(烈士陵园店),A580C99FF75D22D2D4C3B9358D028341,sunion,0.00,0.00,3,3
赛百味(烈士陵园店),26DE32E7C61410,满记甜品(地王广场店),0.00,0.00,11,11
赛百味(烈士陵园店),76ADE8C95C175A58,胶框乌蝇镜,0.00,0.00,0,0
赛百味(烈士陵园店),DFDB3EB3B54141,花海街,0.00,0.00,1,1
赛百味(烈士陵园店),CAF1A931ABA38F67D4A3AAADECFC2E56,橙机构,0.00,0.00,4,4
赛百味(烈士陵园店),F8DEC64558E1334EC2B901227FA5B6DA,江湖新概念烤肉,0.00,0.00,13,13
赛百味(烈士陵园店),78EB2D2553747A,NATKIEL(地王广场店),0.00,0.00,10,6
赛百味(烈士陵园店),6716499CB2E49A,台湾木瓜牛奶,0.33,0.33,1,1
赛百味(烈士陵园店),1F1DD3EA511B76,橘菓子(地王廣場),0.00,0.00,5,3
赛百味(烈士陵园店),A9526F3DDF0E2B90,诗坦表,0.00,0.00,0,0
赛百味(烈士陵园店),1AF74A0A43679E,四季捞,0.33,0.33,5,5
赛百味(烈士陵园店),B97D132552AC94,福瑞喜时尚饮品专门店,0.00,0.00,1,1
赛百味(烈士陵园店),7BD36B23A77987,快乐柠檬,0.00,0.00,4,3
赛百味(烈士陵园店),4DE8E3640805822F9B1DA74D13B7116C,較場西sosoclub,0.00,0.00,15,9
赛百味(烈士陵园店),A3BAA58669CFC00B0499E3F7E141B14E,IPStore,0.00,0.00,0,0
赛百味(烈士陵园店),D2AD775B556D6A,rbt,0.00,0.00,6,6
赛百味(烈士陵园店),B8955972C90BB4,沙面老街,0.33,0.33,3,3
赛百味(烈士陵园店),E01354A3E6FCE0,拳头大阪烧,0.67,0.67,7,7
赛百味(烈士陵园店),8DB6F42B46A75E06,乾丰润体育商场,0.00,0.00,9,9
赛百味(烈士陵园店),7E75BE252C6FB7,am store,0.00,0.00,10,9
赛百味(烈士陵园店),3CD33C6EE7BF63,MAIL ZAKKA,1.00,0.67,16,15
赛百味(烈士陵园店),8D462EC1694952,FLOAT & YUZUKI.S,0.00,0.00,11,11
赛百味(烈士陵园店),5CA4D66F61C62DBD,阳光橘子(地王广场店),0.00,0.00,0,0
赛百味(烈士陵园店),81553C2591CB33,“酉+告”COOL(地王店),0.00,0.00,8,8
赛百味(烈士陵园店),E085CCA727AED6,热亚比萨,0.33,0.33,1,1
赛百味(烈士陵园店),1411CC415DAB15DB5D5A73C2DC5E0ABB,面包新语 (地王店),0.00,0.00,2,2
赛百味(烈士陵园店),C94ACE625B25FAFA0B51716F58E4E3EE,麦当劳 (地王店),0.33,0.33,22,20
赛百味(烈士陵园店),C23A98A3BD161ED32FF6BD4BC474C052,ESCADA-SPORT(地王店),0.00,0.00,1,1
赛百味(烈士陵园店),453DDEC045FF233CBE8333BC113EEDD3,where&which潮男店,0.00,0.00,3,3
赛百味(烈士陵园店),5EA6B18D71122C355A9B5BF488F9B2D3,Hero Skate Shop,0.33,0.33,1096,645
赛百味(烈士陵园店),1AA188EF1DC226C2D42DBC53D2D28F66,帽号,0.00,0.00,1,1
赛百味(烈士陵园店),B2BDADBA931864372E903BF003285F30,chapel'(地王店),0.00,0.00,8,5
赛百味(烈士陵园店),C8F125D88254BB,AimeeMakee,0.00,0.00,1,1
赛百味(烈士陵园店),CDDFCCBCCF33717BACE1A0F10BC84C50,hardly ever's(地王广场店),0.00,0.00,2,2
赛百味(烈士陵园店),E502300F6DA3EE,Becoming The 2nd 1,0.00,0.00,1,1
赛百味(烈士陵园店),280F8DD629FDAC75BC2F46EFAC92C053,思密斯奶茶,0.00,0.00,0,0
赛百味(烈士陵园店),A8A5BED68BE878,陈记香港茶餐厅(地王广场店),0.67,0.67,17,12
赛百味(烈士陵园店),6493F3F04F062369,绿茵阁(地王广场店),0.00,0.00,129,112
赛百味(烈士陵园店),A28C74F17F5249,仙蹤林,0.00,0.00,8,7
赛百味(烈士陵园店),8DDF4F5A4DA4FD80068F6B41C6E9A3D2,B-Lux,0.00,0.00,22,9
赛百味(烈士陵园店),8D409BF81778AE35,禾绿回转寿司(地王店),0.00,0.00,33,31
赛百味(烈士陵园店),2EAC7FA75134E32F2963F6F7F20E9D3A,英孚教育(地王店),0.00,0.00,1,1
赛百味(烈士陵园店),10DE27B778D63AAB3EF5FADEF910D503,D.EXTERIOR(地王店),0.00,0.00,4,3
赛百味(烈士陵园店),E46D7858F1DC6F13D63C74124493FCDA,莎巴天妮 (SEBASTIANO地王店),0.00,0.00,3,3
赛百味(烈士陵园店),272FB56D0C2170270FFDFAC4685393A8,森美 (SAMMY地王店),0.00,0.00,7,4
赛百味(烈士陵园店),187A385C35A73C341EF7A1D1E17C8E44,永和大王 (地王店),0.00,0.00,1,1
赛百味(烈士陵园店),729174999B7C4345,星期五旅馆 (地王店),0.00,0.00,2,2
赛百味(烈士陵园店),450CF5284A669EA0,屈臣氏(地王广场店),0.00,0.00,32,26
赛百味(烈士陵园店),21E03E89138356,VincePark,0.00,0.00,17,11
赛百味(烈士陵园店),3A6D2DEF8FA85343,Holy Moly(地王广场店),0.00,0.00,22,16
赛百味(烈士陵园店),81ABA112B2770E35,潮表廊(中华广场店),0.00,0.00,0,0
赛百味(烈士陵园店),1309899BD48C03E58B97E782C0866389,东川路,0.00,0.00,3,3
赛百味(烈士陵园店),FF6725738490F3BBE472CC12C229C3D6,多普达专卖,0.00,0.00,14,9
赛百味(烈士陵园店),5D9D34986D6AC28C7B35E858696BAD9E,广东全球通大厦,0.00,0.00,39,34
赛百味(烈士陵园店),4C143302190C4173318B3209EAB07B55,自鱿人,0.00,0.00,6,6
赛百味(烈士陵园店),089A9869F89E3AA5CD3F8A6C435A8827,广州银记肠粉店,0.00,0.00,49,44
赛百味(烈士陵园店),57AE8D8FFF47F180D655B4F464D76E6D,芭提雅東南亞料理,0.00,0.00,15,13
赛百味(烈士陵园店),0603A09252252781F4D3A976C02B35A1,kudos,0.00,0.00,53,10
赛百味(烈士陵园店),C6E5D72D236AF523,康华清大药房(东川路店),0.00,0.00,1,1
赛百味(烈士陵园店),59DC5FC6471C026F,工程技术职业学院,0.00,0.00,13,7
赛百味(烈士陵园店),27EC9461AFCC0545,绝味鸭脖(东川路店),0.00,0.00,3,3
赛百味(烈士陵园店),EAF002A69BA33584,新冶区,0.00,0.00,46,35
赛百味(烈士陵园店),B8110BBF15AC325D,中山医食堂小炒部,0.00,0.00,1,1
赛百味(烈士陵园店),651DE7CCB44C6285,罗记蒸上蒸茶餐厅,0.00,0.00,1,1
赛百味(烈士陵园店),F1EB32BC64DD7B4E,纯色摄影城,0.00,0.00,0,0
赛百味(烈士陵园店),ED5901B4DEB91F0E,佐登妮丝(中山二路店),0.00,0.00,0,0
赛百味(烈士陵园店),F1F94205EED5E416,姿加美(中二店),0.00,0.00,1,1
赛百味(烈士陵园店),EA2DE81046895695,博仕整形中心,0.00,0.00,1,1
赛百味(烈士陵园店),61365A7A75722E84,常来饭店(中二店),1.67,1.33,325,262
赛百味(烈士陵园店),E948209CC97AE152,昔士风西餐酒廊(中山二路店),0.00,0.00,32,21
赛百味(烈士陵园店),AF4067A8B8D649C2,粥水坊(中二店),0.00,0.00,3,3
赛百味(烈士陵园店),D627D347FC1A79C5,流行时尚八十八,0.00,0.00,0,0
赛百味(烈士陵园店),A49DF0EB8B4F7E18,广州文明微创医院,0.00,0.00,0,0
赛百味(烈士陵园店),20C8F9C49752F330,金马旅游(中山医大店),0.00,0.00,0,0
赛百味(烈士陵园店),1D66402A9AC293EE043409FE24313231,黄振龙凉茶（中山大学店）,0.00,0.00,6,6
赛百味(烈士陵园店),C81C25C381AA9B0A6138C07B249DB4F8,广州卫生学校（北校区）,0.00,0.00,8,2
赛百味(烈士陵园店),F493D15AC02A9809,中山医科大学,6.00,1.00,148,80
赛百味(烈士陵园店),EBB5FA7CE37666D86CC71370F7908EAE,广东省人民医院伟伦楼,0.00,0.00,1,1
赛百味(烈士陵园店),EF3650CE60030512CEB77D663DD84FD0,公交车(541路),0.33,0.33,222,41
赛百味(烈士陵园店),302CFF80B86243CC,博济康之选医药连锁药房(中山店),0.00,0.00,0,0
赛百味(烈士陵园店),DA4652C0D7E58461,博济康之选医药连锁(中山店),0.00,0.00,0,0
赛百味(烈士陵园店),576ED365F9CB8FC6,7-11便利店(三河店),0.00,0.00,3,3
赛百味(烈士陵园店),D0E1FE09936ADC,米立坊,0.67,0.33,4,3
赛百味(烈士陵园店),95B72BB02B1FFE8A,中山大学附属第一医院(本部),1.67,1.00,441,261
赛百味(烈士陵园店),E8E450E9DEE2BAC524D32E2D48051718,渲嗳动物医院,0.00,0.00,1,1
赛百味(烈士陵园店),B7116FD64BE79D48,中山大学北校区室外停车场,0.00,0.00,1,1
赛百味(烈士陵园店),CC914AB591F90AF07C56801F44AE7265,广东省人民医院-医学研究中心,0.00,0.00,2,1
赛百味(烈士陵园店),36567020E965456204B4BD43142AE648,友和拉面,0.00,0.00,1,1
赛百味(烈士陵园店),9A11DC236A9AB9776723F92D117292AF,味千拉面(中华广场店),0.00,0.00,8,6
赛百味(烈士陵园店),6040E532F6F76F072BCF1AC19CD4FBC0,Converse(东川路专卖店),0.00,0.00,1,1
赛百味(烈士陵园店),E01756C754CE252E,东川新街市网上菜篮子,0.00,0.00,2,2
赛百味(烈士陵园店),1A35328462DFF84C,东川酒家,1.33,0.67,86,49
赛百味(烈士陵园店),125F69A2C235F9B8,皇上皇腊味店(东川路店),0.00,0.00,1,1
赛百味(烈士陵园店),3220308731FC21EA,东北面店,0.00,0.00,0,0
赛百味(烈士陵园店),B9E439ED965D7B64,东川酒家快餐部,0.00,0.00,1,1
赛百味(烈士陵园店),D984084FD5EBFDE1,麦香饼家(东川路店),0.00,0.00,0,0
赛百味(烈士陵园店),9119A15CE074D451,东川烧腊,0.00,0.00,4,3
赛百味(烈士陵园店),7E4B675FD8AD0FD4,老婆饼(东川路店),0.00,0.00,1,1
赛百味(烈士陵园店),12F694056E10196C,文贤跆拳道联会,0.00,0.00,1,1
赛百味(烈士陵园店),2D43090641F3CC52,雪贝尔艺术蛋糕坊(东川路店),0.00,0.00,3,3
赛百味(烈士陵园店),135912D9D91C3A18,康太港式汤料连锁专营店(东川店),0.00,0.00,0,0
赛百味(烈士陵园店),C30F49B8B5F4EB6A,LQ乐淇蒸品店,0.00,0.00,0,0
赛百味(烈士陵园店),E7143C381175206D,OK便利店(东川路店),0.00,0.00,1,1
赛百味(烈士陵园店),58B9AD3A76A3257F76F8F6231A5C0544,美多眼镜,0.00,0.00,1,1
赛百味(烈士陵园店),3750E4B2C84D59CF,EASTPAK(东川店),0.00,0.00,295,240
赛百味(烈士陵园店),BBE196116DBE2B08,新保北欧海产(东川店),0.00,0.00,1,1
赛百味(烈士陵园店),D2038AC3D9FC27E5,莲香楼饼屋(东川路店),0.00,0.00,9,7
赛百味(烈士陵园店),CA7FE6150E48F982,中国农业银行(羊城支行营业部),0.00,0.00,0,0
赛百味(烈士陵园店),36AB23EE812A8E,周黑鸭,0.33,0.33,1,1
赛百味(烈士陵园店),6427D4A62EE78883,熊霸天下桌游,0.00,0.00,120,64
赛百味(烈士陵园店),3E792A0791B10B03563278A4E9A1770C,东山书城,0.00,0.00,4,2
赛百味(烈士陵园店),FFA6549479FECDF66A0E5D5183042A0E,肯德基 KFC (光明广场店),0.00,0.00,54,40
赛百味(烈士陵园店),0A3ADCC78D1D16,DongBoy,0.00,0.00,0,0
赛百味(烈士陵园店),6748CD7507A07EC5,1983&智娛自樂,0.00,0.00,0,0
赛百味(烈士陵园店),BA6C398D789F43,OT发型设计,0.00,0.00,1,1
赛百味(烈士陵园店),D6EDF17030AA6DA8C0D23DAC556F6BB8,强记鸡粥,0.00,0.00,1,1
赛百味(烈士陵园店),2D9262A0F4581D56,宝芝林大药房(东川店),0.00,0.00,0,0
赛百味(烈士陵园店),69221913D575144C,八珍餐厅(东川路店),0.00,0.00,2,2
赛百味(烈士陵园店),3830B698E6A0FE68,东海堂饼屋(东川新街市店),0.00,0.00,2,2
赛百味(烈士陵园店),920A66D612FAF6B0,KAPPA(东川店),0.00,0.00,5,1
赛百味(烈士陵园店),5FB4FB6DB2E6F48D,Adidas(东川店),0.00,0.00,6,6
赛百味(烈士陵园店),5211484D09EFEBF1,匡威(东川店),0.00,0.00,4,4
赛百味(烈士陵园店),388A4F481AD5A15A,李宁(东川店),0.00,0.00,2,2
赛百味(烈士陵园店),C25A2713B34676D7,广东省心血管病医院,0.33,0.33,30,2
赛百味(烈士陵园店),156A8F9660011E41,锐步(东川路店),0.00,0.00,0,0
赛百味(烈士陵园店),83974432FDF7C7D9,威臣琴行(东川店),0.00,0.00,0,0
赛百味(烈士陵园店),4BF7DA6D3B7FDF,广东协和高级医疗中心,0.00,0.00,1,1
赛百味(烈士陵园店),3D5BE4D86FE1D4C2,春之花(东川路店),0.00,0.00,11,9
赛百味(烈士陵园店),253833D61BB554EA,仁信双皮奶(东川路店),1.33,1.33,249,201
赛百味(烈士陵园店),2366E14B9C068DE3,百利饼屋,0.00,0.00,0,0
赛百味(烈士陵园店),B26CED0E50A2AFF8DF6B3C6E0FDEDCE3,天和网络会所,0.00,0.00,0,0
赛百味(烈士陵园店),AB1F328F4C9DC08A05B6677DE49B510C,Milan98,0.00,0.00,4,4
赛百味(烈士陵园店),9B507F1301A223300818459E15979442,Target,0.00,0.00,18,4
赛百味(烈士陵园店),03D3CAE2814D96,東川二街,0.00,0.00,1,1
赛百味(烈士陵园店),73B57C12DCDCBF00E64715D7A15E6F36,广州市总工会职业技术学校,0.00,0.00,168,25
赛百味(烈士陵园店),FCEDC8118AEA7C8C0E185D68F32BE8B2,广州市市总工会203,0.00,0.00,4,2
赛百味(烈士陵园店),A768D5DF207B67E2B723920C965F207C,东川路80号,0.00,0.00,2,2
赛百味(烈士陵园店),628CAB1F951FF4940B198B8172DF1A61,FamilyMart,0.00,0.00,13,5
赛百味(烈士陵园店),34310B2705518B20C34FAAC7C156CE3E,广东省人民医院心研所219室,0.00,0.00,2,2
赛百味(烈士陵园店),9E29FDF7F30ACEB00310C35D6657DDEE,省医心血管病医院手术室,0.00,0.00,1,1
赛百味(烈士陵园店),BB98B7A4C3ACD6A148BD5294B5A2FC70,东川路81号之一,0.00,0.00,9,1
赛百味(烈士陵园店),D207CB7F440D3A,[活动] OPC Indie Store - VU至潮签到,0.00,0.00,62,58
赛百味(烈士陵园店),99958966B8B43803F1C9FEFD4253D651,指添朝专业美甲,0.00,0.00,2,2
赛百味(烈士陵园店),EE96809839B251,金宝贝国际早教中心越秀中华店,0.00,0.00,1,1
赛百味(烈士陵园店),8A64B4F5C3FB0D5E,表现咖啡(画院美术城店),0.00,0.00,76,68
赛百味(烈士陵园店),01869BA842F52FF1,方凯医学书店,0.00,0.00,1,1
赛百味(烈士陵园店),FAC6309F2604316F,一画廊,0.00,0.00,0,0
赛百味(烈士陵园店),7B9003C0345C6F32,SLOWSHOP,0.00,0.00,6,6
赛百味(烈士陵园店),FFDEEA6E94305CBB,广州画院美术馆,0.00,0.00,7,7
赛百味(烈士陵园店),88CC8A1090B7EE11,QQBABY(中三店),0.00,0.00,2,2
赛百味(烈士陵园店),5CE9BC24113D3DDC2B8270F6EDA416BD,深国投广场2号楼,0.00,0.00,13,11
赛百味(烈士陵园店),028B19E09B4FBBBD,以撒书店,0.00,0.00,14,11
赛百味(烈士陵园店),BA9B942816EBCCD6F7B5487004610A0D,W hair salon,0.00,0.00,5,3
赛百味(烈士陵园店),218410155481A68FE9D0DEEB41615C2D,72街(东川分店),0.00,0.00,39,33
赛百味(烈士陵园店),9AB27CB7460658DD,六月书屋,0.00,0.00,15,10
赛百味(烈士陵园店),481C6C0296A9C6698348CD454666AD4A,Lux Fantasic Store,0.33,0.33,103,70
赛百味(烈士陵园店),38BD112E7247CA00,大卡司(中山三路店),0.00,0.00,0,0
赛百味(烈士陵园店),FD9149EC14B5A25C,MR.CUPCAKE,0.00,0.00,2,2
赛百味(烈士陵园店),3EC509A7615C1DB0CB93A9A5AC60D85A,Levi's(东川运动城店),0.00,0.00,96,74
赛百味(烈士陵园店),8E901CA5C38A267F,旅行家户外用品专卖店(东川店),0.00,0.00,0,0
赛百味(烈士陵园店),78348DE6C0092DC432C4099EAD78D47F,广州银行(东山支行),0.00,0.00,9,3
赛百味(烈士陵园店),53E055F796727F21,香港圣安娜饼屋(东川店),0.00,0.00,9,3
赛百味(烈士陵园店),8C70AE1F53EF30F795249FC932DE3D0A,宝太集合PROTAP,0.00,0.00,15,1
赛百味(烈士陵园店),98AF7A59C3E6FD1B,穗银肠粉店,3.00,1.00,253,112
赛百味(烈士陵园店),6D262A97024A82258401AB66E771E445,PUMA(东川运动城店),0.33,0.33,215,125
赛百味(烈士陵园店),254032A2ADBEFC,东川路,0.00,0.00,2,2
赛百味(烈士陵园店),29070E86FA9C72790712A4B3186D0116,广东省人民医院,1.00,1.00,123,76
赛百味(烈士陵园店),992236CA56D5EC55,YBOX(中山三路店),0.00,0.00,2,2
赛百味(烈士陵园店),2F8921A0FE5BC2F6,康发停车场(东川路店),0.00,0.00,0,0
赛百味(烈士陵园店),E37B509F3F0287A3,7-11便利店(第四十店),0.00,0.00,2,2
赛百味(烈士陵园店),26795732E884FC39,广州银行,0.00,0.00,5,5
赛百味(烈士陵园店),FEBE14D7FC3A69,广州银行东川支行,0.00,0.00,1,1
赛百味(烈士陵园店),CD63BD9E2009175892CA18358A7987FD,万岁寿司(海印自由闲店),0.00,0.00,79,52
赛百味(烈士陵园店),E7049EF22FA2C7CE75A4D8B025DAEE28,NIKEBASKETBLL STORE,0.00,0.00,2,2
赛百味(烈士陵园店),474749C9A8DF1D6F,麦当劳(东川路餐厅),1.67,1.33,305,188
赛百味(烈士陵园店),087AC361CD53E48EEFFC5C98C22F9A7C,匡威(东川店),0.00,0.00,0,0
赛百味(烈士陵园店),5C48175ACCD17A9D69046EACF37B8118,Black Sanse(东川路店),0.00,0.00,0,0
赛百味(烈士陵园店),BF88AF0D117E77C0,T5(中山三路店),0.00,0.00,29,21
赛百味(烈士陵园店),A4B8D8500D9F70CE,SillyWorld,0.00,0.00,1,1
赛百味(烈士陵园店),CE57C54218F23853,Bros Products(海印店),0.00,0.00,0,0
赛百味(烈士陵园店),C43A04C6E60E1838,大家乐餐厅(中山三路店),0.00,0.00,204,120
赛百味(烈士陵园店),5C298EB8856F1E7F,广东教育招生网,0.00,0.00,0,0
赛百味(烈士陵园店),5EBA115FB101B771,美心西饼(烈士陵园地铁店),0.00,0.00,1,1
赛百味(烈士陵园店),327859D923B7EC3E,亮视点(农讲所店),0.00,0.00,0,0
赛百味(烈士陵园店),C313D428988C5C77,优之良品(流行前线店),0.00,0.00,13,4
赛百味(烈士陵园店),92F8A95625D9DC70EE8A231B9A52932E,Universe,0.00,0.00,1,1
赛百味(烈士陵园店),737AC682F514C478,大班茶餐厅(中山三店),0.00,0.00,8,8
赛百味(烈士陵园店),E2930345456D92A46201C4980AE3108B,NEWS,0.00,0.00,1,1
赛百味(烈士陵园店),846D554D0D4A81D2453A3D082457A9E0,广州市宝锐贸易有限公司,0.00,0.00,8,5
赛百味(烈士陵园店),5F34DF5B5E00494C,八佰伴(中华广场店),0.00,0.00,9,8
赛百味(烈士陵园店),D361BE3FA94784,中垣中华广场专卖店,0.33,0.33,1,1
赛百味(烈士陵园店),3F050B1CE2E48CD5,明德辅导中心,0.00,0.00,1,1
赛百味(烈士陵园店),2FEEF9B930DECB18A95FEA6675474917,东川运动名店城,0.67,0.67,1070,574
赛百味(烈士陵园店),E56F94F7F4B065BC666A2E00822FBE01,Levi's(流行前线店),1.00,1.00,824,569
赛百味(烈士陵园店),3D76E99803895FDA34D17A07DEB6433D,OPC Indie Store,0.67,0.67,34,18
赛百味(烈士陵园店),1A84796A6BDE95CC,疾病预防控制中心,0.00,0.00,10,8
赛百味(烈士陵园店),09EFD9580D0CD1E8,欧意园林婚妙摄影,0.00,0.00,0,0
赛百味(烈士陵园店),4079C5369A543D18E57ADB3A4696C6A6,东川篮球场,0.00,0.00,25,12
赛百味(烈士陵园店),5C4507D489C850A2DB998B77D97595E1,上海大众梅花园4S店,0.00,0.00,4,3
赛百味(烈士陵园店),C99813E63AFAF045,大众团购汽车,0.00,0.00,1,1
赛百味(烈士陵园店),6CCC46F8BE63089A,合富大众汽车销售,0.00,0.00,1,1
赛百味(烈士陵园店),1ED04DCFE1886D,仙踪林,0.00,0.00,1,1
赛百味(烈士陵园店),7B9342408A3790A4,Nike(东川店),0.00,0.00,3,3
赛百味(烈士陵园店),F6E6E9DDFEA73DA9,真功夫(国讯店),0.00,0.00,2,2
赛百味(烈士陵园店),A485EF6B63D6FA34,太子港茶餐厅,1.00,0.33,160,74
赛百味(烈士陵园店),B2A903775D97ED5D,真功夫(中山二路店),0.33,0.33,17,17
赛百味(烈士陵园店),B5E3FA71D679DA331A8A331D0A976696,省人民醫院站,0.00,0.00,10,7
赛百味(烈士陵园店),4EE070CB0390F05EED5078A8113A5CA7,内环路（中山二路入口）,0.00,0.00,3,3
赛百味(烈士陵园店),2024B60F0F0A2D55,绿岛西餐酒廊(中山二路店),0.00,0.00,97,58
赛百味(烈士陵园店),C972C68F11E7D8,广州军区直属第一门诊部,0.00,0.00,2,2
赛百味(烈士陵园店),32BCDA627B5753C7BE68A74B0D9C3F65,八道名菜館,0.33,0.33,8,8
赛百味(烈士陵园店),C4F4F70A61AD6245,进豪潮汕菜馆,0.33,0.33,69,30
赛百味(烈士陵园店),279CE35628B6D585E1DA584C0F1370D5,天使简约(中山三店),0.00,0.00,16,13
赛百味(烈士陵园店),8AAE63056A1EADF2,广东省人民医院(中山二路总院),1.33,1.33,338,198
赛百味(烈士陵园店),D4C19A510A2B4429,仙踪林(东平店),24.67,21.00,418,316
赛百味(烈士陵园店),16CB61298503ED0122849AC55C7F2DE5,湖中医学术报告厅,0.00,0.00,3,3
赛百味(烈士陵园店),BF8AEE95A5AF49DA1C54AD914C2D5AAE,H2O Element(道香店),0.00,0.00,5,5
赛百味(烈士陵园店),8BDC20B6F93F3DB876F91E1349C89083,汇隆大厦,0.00,0.00,5,4
赛百味(烈士陵园店),B8E11A7E29F345,中華國際中心,0.00,0.00,5,4
赛百味(烈士陵园店),522D498ED91EA3DA1A0862F640B36BAB,New era,0.00,0.00,4,4
赛百味(烈士陵园店),6B4A46A039608DD2,绿A螺旋藻专卖店,0.00,0.00,4,3
赛百味(烈士陵园店),99E4E88659D720A929467FF3AB6E217E,新冶CLUB,0.00,0.00,44,39
赛百味(烈士陵园店),072DED77A8C2B0,恒生银行,0.00,0.00,1,1
赛百味(烈士陵园店),23DCF2C65E8FC165,威臣琴行(中三店),0.00,0.00,8,5
赛百味(烈士陵园店),2EB5178068096312216BE04597A89C6D,岭南艺术商城,0.33,0.33,25,22
赛百味(烈士陵园店),609B299BA8098184E352F14389DD74D4,泰神奇泰国佛牌,0.00,0.00,1,1
赛百味(烈士陵园店),CF3F1C53094F7D94,白云区交通局机动车驾驶员培训中心,0.00,0.00,2,2
赛百味(烈士陵园店),E8D0A9DDBD7C46563EA6152E0D99FB93,樓尚,0.00,0.00,4,3
赛百味(烈士陵园店),A633782148DDD0DE6B3579417BC0C204,站,0.00,0.00,1,1
赛百味(烈士陵园店),27B4C9A813338D4EF5A26E127E765CD5,7-11便利店（中山三路店）,0.00,0.00,21,12
赛百味(烈士陵园店),F6DB32E3F4BCCF6D7BB4065B3C137A45,贰,0.00,0.00,24,14
赛百味(烈士陵园店),34421AFC2EBC82A829E0ADFB4F110A40,AnnHairSalon,0.00,0.00,2,1
赛百味(烈士陵园店),0C8082C8088650F9FC6674A648226F2C,大家乐,0.00,0.00,2,2
赛百味(烈士陵园店),43F00AAA55275E6A,津桥外语培训中心(中山三路店),0.00,0.00,93,25
赛百味(烈士陵园店),E9B409059539DD4352D544945A3A7867,T5 HAIR SALON(中山三路店),0.00,0.00,6,4
赛百味(烈士陵园店),5D84441EB0B41596,神草堂大药房,0.00,0.00,0,0
赛百味(烈士陵园店),ECC70AA87360ADC3,绿谷大药房(中山三路店),0.00,0.00,0,0
赛百味(烈士陵园店),07B8B0A2B24106,7-11(烈士陵园地铁站店),0.00,0.00,1,1
赛百味(烈士陵园店),C5D1C1981BF11EE01DDC1E304549965B,icon,0.33,0.33,347,262
赛百味(烈士陵园店),3A9DF612F251EDE60CFADDC09C6665D6,Mix 2 尚楼店,0.00,0.00,13,6
赛百味(烈士陵园店),C5643E811D0A888A35CE0CA7DA36169C,path finder shoes,0.00,0.00,388,318
赛百味(烈士陵园店),69AC013BE121F6DC,活力柚子,0.00,0.00,0,0
赛百味(烈士陵园店),E81DEF7ACB84658911CE5E8C76B88A66,b3,0.00,0.00,4,3
赛百味(烈士陵园店),B025B43FD8455F59,海印自由闲名店城,0.00,0.00,118,44
赛百味(烈士陵园店),9DAFAEE003C538,BB-SALON比貝迪髮型設計中心,0.00,0.00,3,3
赛百味(烈士陵园店),216F74A50C09EEA75B543CD00F18FC8B,THE SHOES BAR(东川店),0.67,0.67,1631,1011
赛百味(烈士陵园店),AC57BD5751D12DF1,盈讯电子(自由闲售后服务零售店),0.00,0.00,40,6
赛百味(烈士陵园店),BF9DD583A57D5006D17EFA3308717922,华星冰室(自由闲店),1.00,1.00,638,420
赛百味(烈士陵园店),0AE5F9303C143ADB,盈讯电子(东川店),0.00,0.00,48,15
赛百味(烈士陵园店),666872D6CEA1D3,中山医科大学运动场,0.00,0.00,3,3
赛百味(烈士陵园店),3824CF0DB171F2B59354279CAE7299A5,Beauty Wonderland,0.00,0.00,0,0
赛百味(烈士陵园店),CEC5F6BB41111BB2,MAKU store(烈士陵园地铁店),0.00,0.00,6,5
赛百味(烈士陵园店),AFDA620D1B33B1,某公交车,0.00,0.00,1,1
赛百味(烈士陵园店),EF7A940DF21F69,Air Asia 亞洲航空旅遊服務中心 世紀假日國旅 (廣),0.00,0.00,1,1
赛百味(烈士陵园店),E0DF73A99D668C,rbt东平店,2.00,1.67,13,11
赛百味(烈士陵园店),C200391A52A764EF,UFO,0.00,0.00,1,1
赛百味(烈士陵园店),2B98624BE313AE,萨莉亚意式餐厅(中山三路店),1.67,1.33,62,40
赛百味(烈士陵园店),4F081993AA89DA77D8F64342D0CFBD00,Formation,0.33,0.33,762,583
赛百味(烈士陵园店),AA25ABF5C7CC45D7CF4E8DEFEB89B7FC,面牵一线(自由闲名店城分店),0.00,0.00,87,62
赛百味(烈士陵园店),391E5C384AA39003,麦当劳(英雄广场餐厅),0.33,0.33,219,151
赛百味(烈士陵园店),794D4B16537F0BA5A692453DBA57C202,UNITY广州,0.33,0.33,352,285
赛百味(烈士陵园店),A87C1C44563BE0B7,MAKU store(中华广场店),0.00,0.00,18,17
赛百味(烈士陵园店),43798E272EAD9F6A,潮表廊(流行前线店),0.00,0.00,1,1
赛百味(烈士陵园店),98F13422810A63B5,新世界溜冰俱乐部,0.00,0.00,0,0
赛百味(烈士陵园店),5D65BC7FE4F56883ED0598834BA0FA05,西湖大酒店,0.00,0.00,4,4
赛百味(烈士陵园店),601617F5D302FBBE,台湾东城茶艺馆,0.00,0.00,0,0
赛百味(烈士陵园店),C0DE7136C0AF2458,南湖国旅(烈士陵园店),0.00,0.00,4,4
赛百味(烈士陵园店),E2A50091E271CAF1F3503965E30E411F,hinny home,0.00,0.00,41,3
赛百味(烈士陵园店),2580A3818C0E048A2F17384DB6AE3F98,置地大厦,0.00,0.00,2,2
赛百味(烈士陵园店),8976D0645748EBBF,卫康食品店,0.00,0.00,0,0
赛百味(烈士陵园店),6DCDA1B145CE04,广府告白展,0.00,0.00,3,2
赛百味(烈士陵园店),56C1C563B2B22B,仙踪林,0.00,0.00,1,1
赛百味(烈士陵园店),6E8CACE5D941E44C428BD0F2B0D140FF,苏坦土耳其餐厅,0.00,0.00,3,3
赛百味(烈士陵园店),830F2D34CB777AA6D9E4965680E790DF,真实故事基地,0.00,0.00,1,1
赛百味(烈士陵园店),46EA6363FDDC00,傻熊家之车,0.00,0.00,3,1
赛百味(烈士陵园店),11D366687D473CCC,别致咖啡,0.00,0.00,1,1
赛百味(烈士陵园店),D4A3D61F2016F8AA,本作+,0.00,0.00,3,3
赛百味(烈士陵园店),C1B518586974BC,广州市美术中学专业楼,0.00,0.00,0,0
赛百味(烈士陵园店),72C657C44CFE63A8,老北京饭庄(东风店),0.00,0.00,46,41
赛百味(烈士陵园店),FFC4FB601C788919,盈豪酒家,0.00,0.00,0,0
赛百味(烈士陵园店),E2318AB8350FC2CB6DDC75F6584D5712,广东省第八人民医院,0.33,0.33,15,14
赛百味(烈士陵园店),E138BD5A0E23BD,血祭轩辕亭,0.00,0.00,1,1
赛百味(烈士陵园店),95FBAC176970F4F7FD0B909F4F5D9DAB,广州市美术学校,0.00,0.00,5,5
赛百味(烈士陵园店),F03F2E714B6986,中山大學北校區學生第一宿舍,1.00,0.33,3,1
赛百味(烈士陵园店),2F80C0C4F260AC5D2D8C205F82C916BF,睡802乐不思蜀,0.00,0.00,11,2
赛百味(烈士陵园店),7633308AC312DA9D06AF5886588DAC1E,中山一院六楼,0.00,0.00,2,2
赛百味(烈士陵园店),C39EA65E42BBD229BBA70F4C625CD18E,中山大学北校区篮球场,0.33,0.33,14,13
赛百味(烈士陵园店),DB5B6A92BCBBC6D1,杏林阁,1.00,0.33,15,11
赛百味(烈士陵园店),3699AB1FA130B45AE700E14E3F1D4416,中山大学(北校区),5.00,3.33,398,219
赛百味(烈士陵园店),2B046C763C7FF58EDA71D7244CDF23C3,刘医生的私人泳池深水区,0.00,0.00,1,1
赛百味(烈士陵园店),ACD8531426B4B4,中山大学北校区永生楼,0.00,0.00,1,1
赛百味(烈士陵园店),B2140E50E9A727,中山大学北校区图书馆,1.67,1.00,12,5
赛百味(烈士陵园店),1CAD2D474CFF2E5D,铭海楼,0.00,0.00,3,2
赛百味(烈士陵园店),32B599F71256D29F,大班云南米线(东川店),1.00,0.67,58,41
赛百味(烈士陵园店),7D73E823E1FA40D4,得意宝宝,0.00,0.00,1,1
赛百味(烈士陵园店),0DF39813F867D0501DFD974C52933556,轻松慢递,0.00,0.00,2,2
